	Date	Fletes_BdryETF	Petroleo_Brent	CPIAUCSL	FEDFUNDS	Shock_Geopolitico
1	2021-02-01	10.1899995803833	53.54999923706055	263.579	0.08	0
2	2021-02-02	9.229999542236328	54.7599983215332	263.579	0.08	0
3	2021-02-03	9.449999809265137	55.68999862670898	263.579	0.08	0
4	2021-02-04	9.8100004196167	56.22999954223633	263.579	0.08	0
5	2021-02-05	10.239999771118164	56.84999847412109	263.579	0.08	0
6	2021-02-08	9.789999961853027	57.970001220703125	263.579	0.08	0
7	2021-02-09	10.100000381469728	58.36000061035156	263.579	0.08	0
8	2021-02-10	10.75	58.68000030517578	263.579	0.08	0
9	2021-02-11	11.550000190734863	58.2400016784668	263.579	0.08	0
10	2021-02-12	12.43000030517578	59.470001220703125	263.579	0.08	0
11	2021-02-16	15.81999969482422	60.04999923706055	263.579	0.08	0
12	2021-02-17	16.65999984741211	61.13999938964844	263.579	0.08	0
13	2021-02-18	13.520000457763672	60.52000045776367	263.579	0.08	0
14	2021-02-19	14.5	59.2400016784668	263.579	0.08	0
15	2021-02-22	13.739999771118164	61.4900016784668	263.579	0.08	0
16	2021-02-23	13.34000015258789	61.66999816894531	263.579	0.08	0
17	2021-02-24	13.170000076293944	63.220001220703125	263.579	0.08	0
18	2021-02-25	13.3100004196167	63.52999877929688	263.579	0.08	0
19	2021-02-26	12.710000038146973	61.5	263.579	0.08	0
20	2021-03-01	13.020000457763672	60.63999938964844	264.961	0.07	0
21	2021-03-02	14.890000343322754	59.75	264.961	0.07	0
22	2021-03-03	15.279999732971191	61.27999877929688	264.961	0.07	0
23	2021-03-04	15.260000228881836	63.83000183105469	264.961	0.07	0
24	2021-03-05	16.25	66.08999633789062	264.961	0.07	0
25	2021-03-08	16.5	65.05000305175781	264.961	0.07	0
26	2021-03-09	16.329999923706055	64.01000213623047	264.961	0.07	0
27	2021-03-10	15.31999969482422	64.44000244140625	264.961	0.07	0
28	2021-03-11	16.200000762939453	66.0199966430664	264.961	0.07	0
29	2021-03-12	16.59000015258789	65.61000061035156	264.961	0.07	0
30	2021-03-15	17.950000762939453	65.38999938964844	264.961	0.07	0
31	2021-03-16	18.0	64.80000305175781	264.961	0.07	0
32	2021-03-17	19.5	64.5999984741211	264.961	0.07	0
33	2021-03-18	20.32999992370605	60.0	264.961	0.07	0
34	2021-03-19	19.56999969482422	61.41999816894531	264.961	0.07	0
35	2021-03-22	19.059999465942383	61.54999923706055	264.961	0.07	0
36	2021-03-23	16.700000762939453	57.7599983215332	264.961	0.07	1
37	2021-03-24	17.239999771118164	61.18000030517578	264.961	0.07	1
38	2021-03-25	19.299999237060547	58.560001373291016	264.961	0.07	1
39	2021-03-26	18.420000076293945	60.970001220703125	264.961	0.07	1
40	2021-03-29	16.8700008392334	61.560001373291016	264.961	0.07	1
41	2021-03-30	16.5	60.54999923706055	264.961	0.07	1
42	2021-03-31	16.920000076293945	59.15999984741211	264.961	0.07	1
43	2021-04-01	17.93000030517578	61.45000076293945	266.614	0.07	0
44	2021-04-05	18.209999084472656	58.650001525878906	266.614	0.07	0
45	2021-04-06	17.56999969482422	59.33000183105469	266.614	0.07	0
46	2021-04-07	16.969999313354492	59.77000045776367	266.614	0.07	0
47	2021-04-08	16.530000686645508	59.59999847412109	266.614	0.07	0
48	2021-04-09	17.520000457763672	59.31999969482422	266.614	0.07	0
49	2021-04-12	18.07999992370605	59.70000076293945	266.614	0.07	0
50	2021-04-13	17.06999969482422	60.18000030517578	266.614	0.07	0
51	2021-04-14	18.790000915527344	63.150001525878906	266.614	0.07	0
52	2021-04-15	20.299999237060547	63.459999084472656	266.614	0.07	0
53	2021-04-16	19.790000915527344	63.130001068115234	266.614	0.07	0
54	2021-04-19	20.0	63.380001068115234	266.614	0.07	0
55	2021-04-20	20.450000762939453	62.43999862670898	266.614	0.07	0
56	2021-04-21	21.8799991607666	61.34999847412109	266.614	0.07	0
57	2021-04-22	20.46999931335449	61.43000030517578	266.614	0.07	0
58	2021-04-23	20.920000076293945	62.13999938964844	266.614	0.07	0
59	2021-04-26	21.39999961853028	61.90999984741211	266.614	0.07	0
60	2021-04-27	22.979999542236328	62.93999862670898	266.614	0.07	0
61	2021-04-28	23.520000457763672	63.86000061035156	266.614	0.07	0
62	2021-04-29	24.01000022888184	65.01000213623047	266.614	0.07	0
63	2021-04-30	24.700000762939453	63.58000183105469	266.614	0.07	0
64	2021-05-03	25.07999992370605	64.48999786376953	266.614	0.07	0
65	2021-05-04	26.209999084472656	65.69000244140625	266.614	0.07	0
66	2021-05-05	26.670000076293945	65.62999725341797	266.614	0.07	0
67	2021-05-06	23.559999465942383	64.70999908447266	266.614	0.07	0
68	2021-05-07	25.89999961853028	64.9000015258789	266.614	0.07	0
69	2021-05-10	27.59000015258789	64.91999816894531	266.614	0.07	0
70	2021-05-11	25.989999771118164	65.27999877929688	266.614	0.07	0
71	2021-05-12	24.200000762939453	66.08000183105469	266.614	0.07	0
72	2021-05-13	23.959999084472656	63.81999969482422	266.614	0.07	0
73	2021-05-14	22.950000762939453	65.37000274658203	266.614	0.07	0
74	2021-05-17	21.93000030517578	66.2699966430664	266.614	0.07	0
75	2021-05-18	24.07999992370605	65.48999786376953	266.614	0.07	0
76	2021-05-19	24.450000762939453	63.36000061035156	266.614	0.07	0
77	2021-05-20	25.6200008392334	62.04999923706055	266.614	0.07	0
78	2021-05-21	26.86000061035156	63.58000183105469	266.614	0.07	0
79	2021-05-24	25.239999771118164	66.05000305175781	266.614	0.07	0
80	2021-05-25	23.959999084472656	66.06999969482422	266.614	0.07	0
81	2021-05-26	23.959999084472656	66.20999908447266	266.614	0.07	0
82	2021-05-27	23.920000076293945	66.8499984741211	266.614	0.07	0
83	2021-05-28	23.0	66.31999969482422	266.614	0.07	0
84	2021-06-01	23.850000381469727	67.72000122070312	270.654	0.08	0
85	2021-06-02	22.57999992370605	68.83000183105469	270.654	0.08	0
86	2021-06-03	22.709999084472656	68.80999755859375	270.654	0.08	0
87	2021-06-04	23.5	69.62000274658203	270.654	0.08	0
88	2021-06-07	22.65999984741211	69.2300033569336	270.654	0.08	0
89	2021-06-08	23.11000061035156	70.05000305175781	270.654	0.08	0
90	2021-06-09	24.989999771118164	69.95999908447266	270.654	0.08	0
91	2021-06-10	27.049999237060547	70.29000091552734	270.654	0.08	0
92	2021-06-11	27.81999969482422	70.91000366210938	270.654	0.08	0
93	2021-06-14	27.0	70.87999725341797	270.654	0.08	0
94	2021-06-15	28.989999771118164	72.12000274658203	270.654	0.08	0
95	2021-06-16	30.13999938964844	72.1500015258789	270.654	0.08	0
96	2021-06-17	28.06999969482422	71.04000091552734	270.654	0.08	0
97	2021-06-18	27.06999969482422	71.63999938964844	270.654	0.08	0
98	2021-06-21	26.559999465942383	73.66000366210938	270.654	0.08	0
99	2021-06-22	27.049999237060547	73.05999755859375	270.654	0.08	0
100	2021-06-23	27.8799991607666	73.08000183105469	270.654	0.08	0
101	2021-06-24	28.84000015258789	73.30000305175781	270.654	0.08	0
102	2021-06-25	29.959999084472656	74.05000305175781	270.654	0.08	0
103	2021-06-28	28.93000030517578	72.91000366210938	270.654	0.08	0
104	2021-06-29	28.81999969482422	72.9800033569336	270.654	0.08	0
105	2021-06-30	29.350000381469727	73.47000122070312	270.654	0.08	0
106	2021-07-01	27.31999969482422	75.2300033569336	271.903	0.1	0
107	2021-07-02	26.8700008392334	75.16000366210938	271.903	0.1	0
108	2021-07-06	25.26000022888184	73.37000274658203	271.903	0.1	0
109	2021-07-07	26.920000076293945	72.19999694824219	271.903	0.1	0
110	2021-07-08	26.34000015258789	72.94000244140625	271.903	0.1	0
111	2021-07-09	26.790000915527344	74.55999755859375	271.903	0.1	0
112	2021-07-12	25.34000015258789	74.0999984741211	271.903	0.1	0
113	2021-07-13	24.489999771118164	75.25	271.903	0.1	0
114	2021-07-14	23.14999961853028	73.12999725341797	271.903	0.1	0
115	2021-07-15	24.450000762939453	71.6500015258789	271.903	0.1	0
116	2021-07-16	24.51000022888184	71.80999755859375	271.903	0.1	0
117	2021-07-19	25.32999992370605	66.41999816894531	271.903	0.1	0
118	2021-07-20	25.479999542236328	67.41999816894531	271.903	0.1	0
119	2021-07-21	26.100000381469727	70.30000305175781	271.903	0.1	0
120	2021-07-22	26.57999992370605	71.91000366210938	271.903	0.1	0
121	2021-07-23	27.09000015258789	72.06999969482422	271.903	0.1	0
122	2021-07-26	25.6299991607666	71.91000366210938	271.903	0.1	0
123	2021-07-27	24.6299991607666	71.6500015258789	271.903	0.1	0
124	2021-07-28	25.489999771118164	72.38999938964844	271.903	0.1	0
125	2021-07-29	26.64999961853028	73.62000274658203	271.903	0.1	0
126	2021-07-30	25.799999237060547	73.94999694824219	271.903	0.1	0
127	2021-08-02	26.549999237060547	71.26000213623047	271.903	0.1	0
128	2021-08-03	26.6299991607666	70.55999755859375	271.903	0.1	0
129	2021-08-04	27.190000534057617	68.1500015258789	271.903	0.1	0
130	2021-08-05	26.729999542236328	69.08999633789062	271.903	0.1	0
131	2021-08-06	26.600000381469727	68.27999877929688	271.903	0.1	0
132	2021-08-09	26.420000076293945	66.4800033569336	271.903	0.1	0
133	2021-08-10	27.01000022888184	68.29000091552734	271.903	0.1	1
134	2021-08-11	27.770000457763672	69.25	271.903	0.1	1
135	2021-08-12	28.25	69.08999633789062	271.903	0.1	1
136	2021-08-13	27.96999931335449	68.44000244140625	271.903	0.1	1
137	2021-08-16	28.780000686645508	67.29000091552734	271.903	0.1	1
138	2021-08-17	29.209999084472656	66.58999633789062	271.903	0.1	1
139	2021-08-18	29.600000381469727	65.45999908447266	271.903	0.1	1
140	2021-08-19	29.270000457763672	63.68999862670898	271.903	0.1	1
141	2021-08-20	29.979999542236328	62.31999969482422	271.903	0.1	1
142	2021-08-23	30.32999992370605	65.63999938964844	271.903	0.1	1
143	2021-08-24	30.3700008392334	67.54000091552734	271.903	0.1	1
144	2021-08-25	29.39999961853028	68.36000061035156	271.903	0.1	1
145	2021-08-26	30.739999771118164	67.41999816894531	271.903	0.1	0
146	2021-08-27	30.0	68.73999786376953	271.903	0.1	0
147	2021-08-30	29.940000534057617	69.20999908447266	271.903	0.1	0
148	2021-08-31	28.32999992370605	68.5	271.903	0.1	0
149	2021-09-01	27.729999542236328	68.58999633789062	273.91	0.08	0
150	2021-09-02	28.26000022888184	69.98999786376953	273.91	0.08	0
151	2021-09-03	27.36000061035156	69.29000091552734	273.91	0.08	0
152	2021-09-07	26.89999961853028	68.3499984741211	273.91	0.08	0
153	2021-09-08	27.670000076293945	69.30000305175781	273.91	0.08	0
154	2021-09-09	29.350000381469727	68.13999938964844	273.91	0.08	0
155	2021-09-10	30.1200008392334	69.72000122070312	273.91	0.08	0
156	2021-09-13	30.82999992370605	70.44999694824219	273.91	0.08	0
157	2021-09-14	29.8799991607666	70.45999908447266	273.91	0.08	0
158	2021-09-15	30.200000762939453	72.61000061035156	273.91	0.08	0
159	2021-09-16	30.64999961853028	72.61000061035156	273.91	0.08	0
160	2021-09-17	30.729999542236328	71.97000122070312	273.91	0.08	0
161	2021-09-20	28.89999961853028	70.29000091552734	273.91	0.08	0
162	2021-09-21	30.89999961853028	70.55999755859375	273.91	0.08	0
163	2021-09-22	30.739999771118164	72.2300033569336	273.91	0.08	0
164	2021-09-23	31.86000061035156	73.30000305175781	273.91	0.08	0
165	2021-09-24	32.47999954223633	73.9800033569336	273.91	0.08	0
166	2021-09-27	34.349998474121094	75.44999694824219	273.91	0.08	0
167	2021-09-28	36.56999969482422	75.29000091552734	273.91	0.08	0
168	2021-09-29	35.68000030517578	74.83000183105469	273.91	0.08	0
169	2021-09-30	36.0099983215332	75.02999877929688	273.91	0.08	0
170	2021-10-01	36.900001525878906	75.87999725341797	276.55	0.08	0
171	2021-10-04	37.77000045776367	77.62000274658203	276.55	0.08	0
172	2021-10-05	41.25	78.93000030517578	276.55	0.08	0
173	2021-10-06	41.5099983215332	77.43000030517578	276.55	0.08	0
174	2021-10-07	38.84000015258789	78.30000305175781	276.55	0.08	0
175	2021-10-08	39.22999954223633	79.3499984741211	276.55	0.08	0
176	2021-10-11	40.959999084472656	80.5199966430664	276.55	0.08	0
177	2021-10-12	37.630001068115234	80.63999938964844	276.55	0.08	0
178	2021-10-13	36.88999938964844	80.44000244140625	276.55	0.08	0
179	2021-10-14	37.27999877929688	81.30999755859375	276.55	0.08	0
180	2021-10-15	35.29999923706055	82.27999877929688	276.55	0.08	0
181	2021-10-18	37.290000915527344	82.44000244140625	276.55	0.08	0
182	2021-10-19	38.47999954223633	82.95999908447266	276.55	0.08	0
183	2021-10-20	37.310001373291016	83.87000274658203	276.55	0.08	0
184	2021-10-21	34.56999969482422	82.5	276.55	0.08	0
185	2021-10-22	32.20000076293945	83.76000213623047	276.55	0.08	0
186	2021-10-25	30.61000061035156	83.76000213623047	276.55	0.08	0
187	2021-10-26	27.76000022888184	84.6500015258789	276.55	0.08	0
188	2021-10-27	29.479999542236328	82.66000366210938	276.55	0.08	0
189	2021-10-28	30.3700008392334	82.80999755859375	276.55	0.08	0
190	2021-10-29	30.040000915527344	83.56999969482422	276.55	0.08	0
191	2021-11-01	26.39999961853028	84.05000305175781	278.919	0.08	0
192	2021-11-02	22.8799991607666	83.91000366210938	278.919	0.08	0
193	2021-11-03	20.81999969482422	80.86000061035156	278.919	0.08	0
194	2021-11-04	23.06999969482422	78.80999755859375	278.919	0.08	0
195	2021-11-05	23.049999237060547	81.2699966430664	278.919	0.08	0
196	2021-11-08	25.15999984741211	81.93000030517578	278.919	0.08	0
197	2021-11-09	24.21999931335449	84.1500015258789	278.919	0.08	0
198	2021-11-10	22.700000762939453	81.33999633789062	278.919	0.08	0
199	2021-11-11	21.940000534057617	81.58999633789062	278.919	0.08	0
200	2021-11-12	22.6299991607666	80.79000091552734	278.919	0.08	0
201	2021-11-15	21.670000076293945	80.87999725341797	278.919	0.08	0
202	2021-11-16	19.64999961853028	80.76000213623047	278.919	0.08	0
203	2021-11-17	20.450000762939453	78.36000061035156	278.919	0.08	0
204	2021-11-18	22.229999542236328	79.01000213623047	278.919	0.08	0
205	2021-11-19	24.790000915527344	76.0999984741211	278.919	0.08	0
206	2021-11-22	24.88999938964844	76.75	278.919	0.08	0
207	2021-11-23	23.38999938964844	78.5	278.919	0.08	0
208	2021-11-24	25.200000762939453	78.38999938964844	278.919	0.08	0
209	2021-11-26	24.729999542236328	68.1500015258789	278.919	0.08	0
210	2021-11-29	26.959999084472656	69.94999694824219	278.919	0.08	0
211	2021-11-30	26.64999961853028	66.18000030517578	278.919	0.08	0
212	2021-12-01	27.790000915527344	65.56999969482422	280.845	0.08	0
213	2021-12-02	28.71999931335449	66.5	280.845	0.08	0
214	2021-12-03	29.59000015258789	66.26000213623047	280.845	0.08	0
215	2021-12-06	29.600000381469727	69.48999786376953	280.845	0.08	0
216	2021-12-07	30.440000534057617	72.05000305175781	280.845	0.08	0
217	2021-12-08	28.459999084472656	72.36000061035156	280.845	0.08	0
218	2021-12-09	27.170000076293945	70.94000244140625	280.845	0.08	0
219	2021-12-10	28.13999938964844	71.66999816894531	280.845	0.08	0
220	2021-12-13	27.82999992370605	71.29000091552734	280.845	0.08	0
221	2021-12-14	23.61000061035156	70.7300033569336	280.845	0.08	0
222	2021-12-15	24.790000915527344	70.87000274658203	280.845	0.08	0
223	2021-12-16	24.280000686645508	72.37999725341797	280.845	0.08	0
224	2021-12-17	23.950000762939453	70.86000061035156	280.845	0.08	0
225	2021-12-20	25.71999931335449	68.2300033569336	280.845	0.08	0
226	2021-12-21	25.040000915527344	71.12000274658203	280.845	0.08	0
227	2021-12-22	26.270000457763672	72.76000213623047	280.845	0.08	0
228	2021-12-23	26.770000457763672	73.79000091552734	280.845	0.08	0
229	2021-12-27	26.700000762939453	75.56999969482422	280.845	0.08	0
230	2021-12-28	26.489999771118164	75.9800033569336	280.845	0.08	0
231	2021-12-29	28.25	76.55999755859375	280.845	0.08	0
232	2021-12-30	29.600000381469727	76.98999786376953	280.845	0.08	0
233	2021-12-31	29.489999771118164	75.20999908447266	280.845	0.08	0
234	2022-01-03	29.21999931335449	76.08000183105469	280.845	0.08	0
235	2022-01-04	26.84000015258789	76.98999786376953	280.845	0.08	0
236	2022-01-05	26.21999931335449	77.8499984741211	280.845	0.08	0
237	2022-01-06	26.479999542236328	79.45999908447266	280.845	0.08	0
238	2022-01-07	26.86000061035156	78.9000015258789	280.845	0.08	0
239	2022-01-10	24.07999992370605	78.2300033569336	280.845	0.08	0
240	2022-01-11	24.700000762939453	81.22000122070312	280.845	0.08	0
241	2022-01-12	23.5	82.63999938964844	280.845	0.08	0
242	2022-01-13	22.36000061035156	82.12000274658203	280.845	0.08	0
243	2022-01-14	23.190000534057617	83.81999969482422	280.845	0.08	0
244	2022-01-18	21.0	85.43000030517578	280.845	0.08	0
245	2022-01-19	19.90999984741211	86.95999908447266	280.845	0.08	0
246	2022-01-20	21.530000686645508	86.9000015258789	280.845	0.08	0
247	2022-01-21	20.11000061035156	85.13999938964844	280.845	0.08	0
248	2022-01-24	21.07999992370605	83.30999755859375	280.845	0.08	0
249	2022-01-25	19.940000534057617	85.5999984741211	280.845	0.08	0
250	2022-01-26	19.63999938964844	87.3499984741211	280.845	0.08	0
251	2022-01-27	20.5	86.61000061035156	280.845	0.08	0
252	2022-01-28	22.01000022888184	86.81999969482422	280.845	0.08	0
253	2022-01-31	21.940000534057617	88.1500015258789	280.845	0.08	0
254	2022-02-01	21.5	88.19999694824219	284.5	0.08	0
255	2022-02-02	22.290000915527344	88.26000213623047	284.5	0.08	0
256	2022-02-03	21.82999992370605	90.2699966430664	284.5	0.08	0
257	2022-02-04	21.700000762939453	92.30999755859376	284.5	0.08	0
258	2022-02-07	21.780000686645508	91.31999969482422	284.5	0.08	0
259	2022-02-08	22.780000686645508	89.36000061035156	284.5	0.08	0
260	2022-02-09	24.850000381469727	89.66000366210938	284.5	0.08	0
261	2022-02-10	25.43000030517578	89.87999725341797	284.5	0.08	0
262	2022-02-11	24.729999542236328	93.0999984741211	284.5	0.08	0
263	2022-02-14	22.780000686645508	95.45999908447266	284.5	0.08	0
264	2022-02-15	22.65999984741211	92.06999969482422	284.5	0.08	0
265	2022-02-16	22.170000076293945	93.66000366210938	284.5	0.08	0
266	2022-02-17	23.530000686645508	91.76000213623048	284.5	0.08	0
267	2022-02-18	23.56999969482422	91.06999969482422	284.5	0.08	0
268	2022-02-22	23.86000061035156	92.3499984741211	284.5	0.08	0
269	2022-02-23	24.940000534057617	92.0999984741211	284.5	0.08	0
270	2022-02-24	22.6200008392334	92.80999755859376	284.5	0.08	1
271	2022-02-25	22.61000061035156	91.58999633789062	284.5	0.08	1
272	2022-02-28	21.43000030517578	95.72000122070312	284.5	0.08	1
273	2022-03-01	23.8799991607666	103.41000366210938	287.674	0.2	1
274	2022-03-02	23.670000076293945	110.5999984741211	287.674	0.2	1
275	2022-03-03	23.57999992370605	107.66999816894533	287.674	0.2	1
276	2022-03-04	24.89999961853028	115.68000030517578	287.674	0.2	1
277	2022-03-07	26.280000686645508	119.4000015258789	287.674	0.2	1
278	2022-03-08	26.82999992370605	123.6999969482422	287.674	0.2	1
279	2022-03-09	27.84000015258789	108.6999969482422	287.674	0.2	1
280	2022-03-10	27.56999969482422	106.0199966430664	287.674	0.2	1
281	2022-03-11	27.049999237060547	109.33000183105467	287.674	0.2	1
282	2022-03-14	24.700000762939453	103.01000213623048	287.674	0.2	1
283	2022-03-15	23.729999542236328	96.44000244140624	287.674	0.2	1
284	2022-03-16	25.540000915527344	95.04000091552734	287.674	0.2	1
285	2022-03-17	26.040000915527344	102.9800033569336	287.674	0.2	1
286	2022-03-18	26.350000381469727	104.6999969482422	287.674	0.2	1
287	2022-03-21	25.76000022888184	112.12000274658205	287.674	0.2	1
288	2022-03-22	25.049999237060547	111.76000213623048	287.674	0.2	1
289	2022-03-23	25.950000762939453	114.93000030517578	287.674	0.2	1
290	2022-03-24	24.8799991607666	112.33999633789062	287.674	0.2	1
291	2022-03-25	24.38999938964844	113.9000015258789	287.674	0.2	1
292	2022-03-28	23.770000457763672	105.95999908447266	287.674	0.2	1
293	2022-03-29	24.26000022888184	104.23999786376952	287.674	0.2	1
294	2022-03-30	25.01000022888184	107.81999969482422	287.674	0.2	1
295	2022-03-31	24.18000030517578	100.27999877929688	287.674	0.2	1
296	2022-04-01	23.959999084472656	99.2699966430664	288.561	0.33	1
297	2022-04-04	22.39999961853028	103.27999877929688	288.561	0.33	1
298	2022-04-05	21.770000457763672	101.95999908447266	288.561	0.33	1
299	2022-04-06	20.6200008392334	96.2300033569336	288.561	0.33	1
300	2022-04-07	21.65999984741211	96.02999877929688	288.561	0.33	1
301	2022-04-08	22.450000762939453	98.26000213623048	288.561	0.33	1
302	2022-04-11	21.0	94.29000091552734	288.561	0.33	1
303	2022-04-12	21.280000686645508	100.5999984741211	288.561	0.33	1
304	2022-04-13	21.239999771118164	104.25	288.561	0.33	1
305	2022-04-14	22.15999984741211	106.9499969482422	288.561	0.33	1
306	2022-04-18	22.21999931335449	108.20999908447266	288.561	0.33	1
307	2022-04-19	21.229999542236328	102.55999755859376	288.561	0.33	1
308	2022-04-20	20.290000915527344	102.75	288.561	0.33	1
309	2022-04-21	21.739999771118164	103.79000091552734	288.561	0.33	1
310	2022-04-22	22.309999465942383	102.06999969482422	288.561	0.33	1
311	2022-04-25	20.920000076293945	98.54000091552734	288.561	0.33	1
312	2022-04-26	20.739999771118164	101.6999969482422	288.561	0.33	1
313	2022-04-27	21.549999237060547	102.0199966430664	288.561	0.33	1
314	2022-04-28	21.01000022888184	105.36000061035156	288.561	0.33	1
315	2022-04-29	21.479999542236328	104.69000244140624	288.561	0.33	1
316	2022-05-02	21.489999771118164	105.16999816894533	288.561	0.33	0
317	2022-05-03	22.1200008392334	102.41000366210938	288.561	0.33	0
318	2022-05-04	23.290000915527344	107.80999755859376	288.561	0.33	0
319	2022-05-05	23.690000534057617	108.26000213623048	288.561	0.33	0
320	2022-05-06	23.75	109.7699966430664	288.561	0.33	0
321	2022-05-09	23.8799991607666	103.08999633789062	288.561	0.33	0
322	2022-05-10	23.38999938964844	99.76000213623048	288.561	0.33	0
323	2022-05-11	23.89999961853028	105.70999908447266	288.561	0.33	0
324	2022-05-12	23.190000534057617	106.12999725341795	288.561	0.33	0
325	2022-05-13	23.1200008392334	110.48999786376952	288.561	0.33	0
326	2022-05-16	23.34000015258789	114.1999969482422	288.561	0.33	0
327	2022-05-17	24.6299991607666	112.4000015258789	288.561	0.33	0
328	2022-05-18	25.780000686645508	109.58999633789062	288.561	0.33	0
329	2022-05-19	24.96999931335449	112.20999908447266	288.561	0.33	0
330	2022-05-20	25.420000076293945	113.2300033569336	288.561	0.33	0
331	2022-05-23	24.600000381469727	110.29000091552734	288.561	0.33	0
332	2022-05-24	23.38999938964844	109.7699966430664	288.561	0.33	0
333	2022-05-25	22.96999931335449	110.33000183105467	288.561	0.33	0
334	2022-05-26	22.549999237060547	114.08999633789062	288.561	0.33	0
335	2022-05-27	21.479999542236328	115.06999969482422	288.561	0.33	0
336	2022-05-31	22.190000534057617	114.66999816894533	288.561	0.33	0
337	2022-06-01	21.88999938964844	115.26000213623048	294.957	1.21	0
338	2022-06-02	22.0	116.87000274658205	294.957	1.21	0
339	2022-06-03	22.01000022888184	118.87000274658205	294.957	1.21	0
340	2022-06-06	21.459999084472656	118.5	294.957	1.21	0
341	2022-06-07	20.350000381469727	119.41000366210938	294.957	1.21	0
342	2022-06-08	19.239999771118164	122.11000061035156	294.957	1.21	0
343	2022-06-09	19.36000061035156	121.51000213623048	294.957	1.21	0
344	2022-06-10	19.850000381469727	120.66999816894533	294.957	1.21	0
345	2022-06-13	19.13999938964844	120.93000030517578	294.957	1.21	0
346	2022-06-14	19.8799991607666	118.93000030517578	294.957	1.21	0
347	2022-06-15	19.549999237060547	115.30999755859376	294.957	1.21	0
348	2022-06-16	19.690000534057617	117.58999633789062	294.957	1.21	0
349	2022-06-17	20.15999984741211	109.55999755859376	294.957	1.21	0
350	2022-06-21	18.290000915527344	110.6500015258789	294.957	1.21	0
351	2022-06-22	16.790000915527344	106.19000244140624	294.957	1.21	0
352	2022-06-23	17.579999923706055	104.2699966430664	294.957	1.21	0
353	2022-06-24	16.899999618530273	107.62000274658205	294.957	1.21	0
354	2022-06-27	16.3700008392334	109.56999969482422	294.957	1.21	0
355	2022-06-28	16.030000686645508	111.76000213623048	294.957	1.21	0
356	2022-06-29	16.729999542236328	109.77999877929688	294.957	1.21	0
357	2022-06-30	17.170000076293945	105.76000213623048	294.957	1.21	0
358	2022-07-01	17.110000610351562	108.43000030517578	294.913	1.68	0
359	2022-07-05	15.899999618530272	99.5	294.913	1.68	0
360	2022-07-06	14.949999809265137	98.52999877929688	294.913	1.68	0
361	2022-07-07	15.90999984741211	102.7300033569336	294.913	1.68	0
362	2022-07-08	15.289999961853027	104.79000091552734	294.913	1.68	0
363	2022-07-11	15.020000457763672	104.08999633789062	294.913	1.68	0
364	2022-07-12	13.859999656677246	95.83999633789062	294.913	1.68	0
365	2022-07-13	14.479999542236328	96.3000030517578	294.913	1.68	0
366	2022-07-14	15.18000030517578	95.77999877929688	294.913	1.68	0
367	2022-07-15	15.989999771118164	97.58999633789062	294.913	1.68	0
368	2022-07-18	15.279999732971191	102.5999984741211	294.913	1.68	0
369	2022-07-19	14.8100004196167	104.22000122070312	294.913	1.68	0
370	2022-07-20	14.539999961853027	102.26000213623048	294.913	1.68	0
371	2022-07-21	14.649999618530272	96.3499984741211	294.913	1.68	0
372	2022-07-22	14.600000381469728	94.6999969482422	294.913	1.68	0
373	2022-07-25	13.279999732971191	96.6999969482422	294.913	1.68	0
374	2022-07-26	13.470000267028809	94.9800033569336	294.913	1.68	0
375	2022-07-27	13.3100004196167	97.26000213623048	294.913	1.68	0
376	2022-07-28	12.789999961853027	96.41999816894533	294.913	1.68	0
377	2022-07-29	12.420000076293944	98.62000274658205	294.913	1.68	0
378	2022-08-01	12.649999618530272	93.88999938964844	295.097	2.33	0
379	2022-08-02	11.779999732971191	94.41999816894533	295.097	2.33	0
380	2022-08-03	10.829999923706056	90.66000366210938	295.097	2.33	0
381	2022-08-04	10.81999969482422	88.54000091552734	295.097	2.33	0
382	2022-08-05	11.100000381469728	89.01000213623047	295.097	2.33	0
383	2022-08-08	11.229999542236328	90.76000213623048	295.097	2.33	0
384	2022-08-09	11.5600004196167	90.5	295.097	2.33	0
385	2022-08-10	11.579999923706056	91.93000030517578	295.097	2.33	0
386	2022-08-11	10.890000343322754	94.33999633789062	295.097	2.33	0
387	2022-08-12	10.539999961853027	92.08999633789062	295.097	2.33	0
388	2022-08-15	9.890000343322754	89.41000366210938	295.097	2.33	0
389	2022-08-16	9.989999771118164	86.52999877929688	295.097	2.33	0
390	2022-08-17	9.770000457763672	88.11000061035156	295.097	2.33	0
391	2022-08-18	9.420000076293944	90.5	295.097	2.33	0
392	2022-08-19	9.3100004196167	90.7699966430664	295.097	2.33	0
393	2022-08-22	9.210000038146973	90.2300033569336	295.097	2.33	0
394	2022-08-23	8.699999809265137	93.73999786376952	295.097	2.33	0
395	2022-08-24	8.550000190734863	94.88999938964844	295.097	2.33	0
396	2022-08-25	7.96999979019165	92.5199966430664	295.097	2.33	0
397	2022-08-26	7.920000076293945	93.05999755859376	295.097	2.33	0
398	2022-08-29	7.860000133514404	97.01000213623048	295.097	2.33	0
399	2022-08-30	7.199999809265137	91.63999938964844	295.097	2.33	0
400	2022-08-31	7.840000152587891	89.55000305175781	295.097	2.33	0
401	2022-09-01	8.729999542236328	86.61000061035156	296.349	2.56	0
402	2022-09-02	8.779999732971191	86.87000274658203	296.349	2.56	0
403	2022-09-06	7.989999771118164	86.87999725341797	296.349	2.56	0
404	2022-09-07	8.25	81.94000244140625	296.349	2.56	0
405	2022-09-08	8.779999732971191	83.54000091552734	296.349	2.56	0
406	2022-09-09	8.630000114440918	86.79000091552734	296.349	2.56	0
407	2022-09-12	9.550000190734863	87.77999877929688	296.349	2.56	0
408	2022-09-13	9.75	87.30999755859375	296.349	2.56	0
409	2022-09-14	9.390000343322754	88.4800033569336	296.349	2.56	0
410	2022-09-15	9.140000343322754	85.0999984741211	296.349	2.56	0
411	2022-09-16	9.06999969482422	85.11000061035156	296.349	2.56	0
412	2022-09-19	9.18000030517578	85.7300033569336	296.349	2.56	0
413	2022-09-20	10.25	84.44999694824219	296.349	2.56	0
414	2022-09-21	10.050000190734863	82.94000244140625	296.349	2.56	0
415	2022-09-22	9.9399995803833	83.48999786376953	296.349	2.56	0
416	2022-09-23	10.270000457763672	78.73999786376953	296.349	2.56	0
417	2022-09-26	10.050000190734863	76.70999908447266	296.349	2.56	0
418	2022-09-27	10.390000343322754	78.5	296.349	2.56	0
419	2022-09-28	9.579999923706056	82.1500015258789	296.349	2.56	0
420	2022-09-29	8.960000038146973	81.2300033569336	296.349	2.56	0
421	2022-09-30	9.039999961853027	79.48999786376953	296.349	2.56	0
422	2022-10-03	9.140000343322754	83.62999725341797	296.349	2.56	0
423	2022-10-04	10.350000381469728	86.5199966430664	296.349	2.56	0
424	2022-10-05	10.100000381469728	87.76000213623047	296.349	2.56	0
425	2022-10-06	9.6899995803833	88.44999694824219	296.349	2.56	0
426	2022-10-07	9.699999809265137	92.63999938964844	296.349	2.56	0
427	2022-10-10	9.199999809265137	91.12999725341795	296.349	2.56	0
428	2022-10-11	9.34000015258789	89.3499984741211	296.349	2.56	0
429	2022-10-12	9.09000015258789	87.2699966430664	296.349	2.56	0
430	2022-10-13	8.6899995803833	89.11000061035156	296.349	2.56	0
431	2022-10-14	9.210000038146973	85.61000061035156	296.349	2.56	0
432	2022-10-17	8.829999923706055	85.45999908447266	296.349	2.56	0
433	2022-10-18	9.1899995803833	82.81999969482422	296.349	2.56	0
434	2022-10-19	8.949999809265137	85.55000305175781	296.349	2.56	0
435	2022-10-20	8.710000038146973	85.9800033569336	296.349	2.56	0
436	2022-10-21	8.8100004196167	85.05000305175781	296.349	2.56	0
437	2022-10-24	8.479999542236328	84.58000183105469	296.349	2.56	0
438	2022-10-25	8.350000381469727	85.31999969482422	296.349	2.56	0
439	2022-10-26	8.09000015258789	87.91000366210938	296.349	2.56	0
440	2022-10-27	7.75	89.08000183105469	296.349	2.56	0
441	2022-10-28	7.710000038146973	87.9000015258789	296.349	2.56	0
442	2022-10-31	7.099999904632568	86.52999877929688	296.349	2.56	0
443	2022-11-01	7.409999847412109	88.37000274658203	298.786	3.78	0
444	2022-11-02	7.670000076293945	90.0	298.786	3.78	0
445	2022-11-03	7.369999885559082	88.16999816894531	298.786	3.78	0
446	2022-11-04	7.71999979019165	92.61000061035156	298.786	3.78	0
447	2022-11-07	7.570000171661377	91.79000091552734	298.786	3.78	0
448	2022-11-08	7.699999809265137	88.91000366210938	298.786	3.78	0
449	2022-11-09	7.900000095367432	85.83000183105469	298.786	3.78	0
450	2022-11-10	7.889999866485596	86.47000122070312	298.786	3.78	0
451	2022-11-11	8.199999809265137	88.95999908447266	298.786	3.78	0
452	2022-11-14	8.199999809265137	85.87000274658203	298.786	3.78	0
453	2022-11-15	7.710000038146973	86.91999816894531	298.786	3.78	0
454	2022-11-16	7.349999904632568	85.58999633789062	298.786	3.78	0
455	2022-11-17	7.190000057220459	81.63999938964844	298.786	3.78	0
456	2022-11-18	7.090000152587891	80.08000183105469	298.786	3.78	0
457	2022-11-21	7.369999885559082	79.7300033569336	298.786	3.78	0
458	2022-11-22	7.070000171661377	80.94999694824219	298.786	3.78	0
459	2022-11-23	7.380000114440918	77.94000244140625	298.786	3.78	0
460	2022-11-25	7.820000171661377	76.27999877929688	298.786	3.78	0
461	2022-11-28	7.659999847412109	77.23999786376953	298.786	3.78	0
462	2022-11-29	7.539999961853027	78.19999694824219	298.786	3.78	0
463	2022-11-30	7.860000133514404	80.55000305175781	298.786	3.78	0
464	2022-12-01	7.710000038146973	81.22000122070312	298.832	4.1	0
465	2022-12-02	7.699999809265137	79.9800033569336	298.832	4.1	0
466	2022-12-05	7.96999979019165	76.93000030517578	298.832	4.1	0
467	2022-12-06	8.4399995803833	74.25	298.832	4.1	0
468	2022-12-07	8.399999618530273	72.01000213623047	298.832	4.1	0
469	2022-12-08	9.010000228881836	71.45999908447266	298.832	4.1	0
470	2022-12-09	9.1899995803833	71.0199966430664	298.832	4.1	0
471	2022-12-12	8.739999771118164	73.16999816894531	298.832	4.1	0
472	2022-12-13	9.289999961853027	75.38999938964844	298.832	4.1	0
473	2022-12-14	9.81999969482422	77.27999877929688	298.832	4.1	0
474	2022-12-15	9.760000228881836	76.11000061035156	298.832	4.1	0
475	2022-12-16	9.029999732971191	74.29000091552734	298.832	4.1	0
476	2022-12-19	8.850000381469727	75.19000244140625	298.832	4.1	0
477	2022-12-20	9.979999542236328	76.08999633789062	298.832	4.1	0
478	2022-12-21	9.979999542236328	78.29000091552734	298.832	4.1	0
479	2022-12-22	9.739999771118164	77.48999786376953	298.832	4.1	0
480	2022-12-23	9.460000038146973	79.55999755859375	298.832	4.1	0
481	2022-12-27	9.5	79.52999877929688	298.832	4.1	0
482	2022-12-28	9.449999809265137	78.95999908447266	298.832	4.1	0
483	2022-12-29	9.399999618530272	78.4000015258789	298.832	4.1	0
484	2022-12-30	9.1899995803833	80.26000213623047	298.832	4.1	0
485	2023-01-03	8.819999694824219	76.93000030517578	298.832	4.1	0
486	2023-01-04	9.25	72.83999633789062	298.832	4.1	0
487	2023-01-05	9.510000228881836	73.66999816894531	298.832	4.1	0
488	2023-01-06	10.039999961853027	73.7699966430664	298.832	4.1	0
489	2023-01-09	9.739999771118164	74.62999725341797	298.832	4.1	0
490	2023-01-10	9.119999885559082	75.12000274658203	298.832	4.1	0
491	2023-01-11	8.979999542236328	77.41000366210938	298.832	4.1	0
492	2023-01-12	9.09000015258789	78.38999938964844	298.832	4.1	0
493	2023-01-13	9.359999656677246	79.86000061035156	298.832	4.1	0
494	2023-01-17	9.40999984741211	80.18000030517578	298.832	4.1	0
495	2023-01-18	8.9399995803833	79.4800033569336	298.832	4.1	0
496	2023-01-19	8.774999618530273	80.33000183105469	298.832	4.1	0
497	2023-01-20	8.949999809265137	81.30999755859375	298.832	4.1	0
498	2023-01-23	8.640000343322754	81.62000274658203	298.832	4.1	0
499	2023-01-24	8.4399995803833	80.12999725341797	298.832	4.1	0
500	2023-01-25	8.449999809265137	80.1500015258789	298.832	4.1	0
501	2023-01-26	8.119999885559082	81.01000213623047	298.832	4.1	0
502	2023-01-27	8.270000457763672	79.68000030517578	298.832	4.1	0
503	2023-01-30	8.0	77.9000015258789	298.832	4.1	0
504	2023-01-31	7.800000190734863	78.87000274658203	298.832	4.1	0
505	2023-02-01	7.53000020980835	76.41000366210938	301.45	4.57	0
506	2023-02-02	7.309999942779541	75.87999725341797	301.45	4.57	0
507	2023-02-03	7.110000133514404	73.38999938964844	301.45	4.57	0
508	2023-02-06	6.800000190734863	74.11000061035156	301.45	4.57	0
509	2023-02-07	7.159999847412109	77.13999938964844	301.45	4.57	0
510	2023-02-08	7.619999885559082	78.47000122070312	301.45	4.57	0
511	2023-02-09	7.119999885559082	78.05999755859375	301.45	4.57	0
512	2023-02-10	7.230000019073486	79.72000122070312	301.45	4.57	0
513	2023-02-13	7.0	80.13999938964844	301.45	4.57	0
514	2023-02-14	6.730000019073486	79.05999755859375	301.45	4.57	0
515	2023-02-15	6.53000020980835	78.58999633789062	301.45	4.57	0
516	2023-02-16	6.75	78.48999786376953	301.45	4.57	0
517	2023-02-17	6.599999904632568	76.33999633789062	301.45	4.57	0
518	2023-02-21	7.059999942779541	76.16000366210938	301.45	4.57	0
519	2023-02-22	7.289999961853027	73.94999694824219	301.45	4.57	0
520	2023-02-23	7.960000038146973	75.38999938964844	301.45	4.57	0
521	2023-02-24	7.949999809265137	76.31999969482422	301.45	4.57	0
522	2023-02-27	8.149999618530273	75.68000030517578	301.45	4.57	0
523	2023-02-28	9.050000190734863	77.05000305175781	301.45	4.57	0
524	2023-03-01	8.819999694824219	77.69000244140625	301.821	4.65	0
525	2023-03-02	8.979999542236328	78.16000366210938	301.821	4.65	0
526	2023-03-03	9.390000343322754	79.68000030517578	301.821	4.65	0
527	2023-03-06	9.149999618530272	80.45999908447266	301.821	4.65	0
528	2023-03-07	9.18000030517578	77.58000183105469	301.821	4.65	0
529	2023-03-08	9.600000381469728	76.66000366210938	301.821	4.65	0
530	2023-03-09	9.920000076293944	75.72000122070312	301.821	4.65	0
531	2023-03-10	10.1899995803833	76.68000030517578	301.821	4.65	0
532	2023-03-13	10.260000228881836	74.80000305175781	301.821	4.65	0
533	2023-03-14	10.56999969482422	71.33000183105469	301.821	4.65	0
534	2023-03-15	9.6899995803833	67.61000061035156	301.821	4.65	0
535	2023-03-16	9.979999542236328	68.3499984741211	301.821	4.65	0
536	2023-03-17	9.970000267028809	66.73999786376953	301.821	4.65	0
537	2023-03-20	9.5	67.63999938964844	301.821	4.65	0
538	2023-03-21	9.3100004196167	69.33000183105469	301.821	4.65	0
539	2023-03-22	9.489999771118164	70.9000015258789	301.821	4.65	0
540	2023-03-23	10.1899995803833	69.95999908447266	301.821	4.65	0
541	2023-03-24	9.760000228881836	69.26000213623047	301.821	4.65	0
542	2023-03-27	9.449999809265137	72.80999755859375	301.821	4.65	0
543	2023-03-28	9.460000038146973	73.19999694824219	301.821	4.65	0
544	2023-03-29	10.020000457763672	72.97000122070312	301.821	4.65	0
545	2023-03-30	9.649999618530272	74.37000274658203	301.821	4.65	0
546	2023-03-31	10.100000381469728	75.66999816894531	301.821	4.65	0
547	2023-04-03	10.010000228881836	80.41999816894531	301.821	4.65	0
548	2023-04-04	10.3100004196167	80.70999908447266	301.821	4.65	0
549	2023-04-05	10.020000457763672	80.61000061035156	301.821	4.65	0
550	2023-04-06	9.8100004196167	80.69999694824219	301.821	4.65	0
551	2023-04-10	9.90999984741211	79.73999786376953	301.821	4.65	0
552	2023-04-11	9.279999732971191	81.52999877929688	301.821	4.65	0
553	2023-04-12	9.40999984741211	83.26000213623047	301.821	4.65	0
554	2023-04-13	9.369999885559082	82.16000366210938	301.821	4.65	0
555	2023-04-14	9.1899995803833	82.5199966430664	301.821	4.65	0
556	2023-04-17	8.960000038146973	80.83000183105469	301.821	4.65	0
557	2023-04-18	8.619999885559082	80.86000061035156	301.821	4.65	0
558	2023-04-19	9.15999984741211	79.16000366210938	301.821	4.65	0
559	2023-04-20	9.25	77.29000091552734	301.821	4.65	0
560	2023-04-21	9.15999984741211	77.87000274658203	301.821	4.65	0
561	2023-04-24	8.779999732971191	78.76000213623047	301.821	4.65	0
562	2023-04-25	8.760000228881836	77.06999969482422	301.821	4.65	0
563	2023-04-26	8.819999694824219	74.30000305175781	301.821	4.65	0
564	2023-04-27	8.850000381469727	74.76000213623047	301.821	4.65	0
565	2023-04-28	8.760000228881836	76.77999877929688	301.821	4.65	0
566	2023-05-01	8.779999732971191	75.66000366210938	303.334	5.06	0
567	2023-05-02	8.279999732971191	71.66000366210938	303.334	5.06	0
568	2023-05-03	8.449999809265137	68.5999984741211	303.334	5.06	0
569	2023-05-04	7.929999828338623	68.55999755859375	303.334	5.06	0
570	2023-05-05	8.300000190734863	71.33999633789062	303.334	5.06	0
571	2023-05-08	8.350000381469727	73.16000366210938	303.334	5.06	0
572	2023-05-09	8.989999771118164	73.70999908447266	303.334	5.06	0
573	2023-05-10	8.600000381469727	72.55999755859375	303.334	5.06	0
574	2023-05-11	8.09000015258789	70.87000274658203	303.334	5.06	0
575	2023-05-12	7.71999979019165	70.04000091552734	303.334	5.06	0
576	2023-05-15	7.289999961853027	71.11000061035156	303.334	5.06	0
577	2023-05-16	7.21999979019165	70.86000061035156	303.334	5.06	0
578	2023-05-17	7.21999979019165	72.83000183105469	303.334	5.06	0
579	2023-05-18	7.489999771118164	71.86000061035156	303.334	5.06	0
580	2023-05-19	7.409999847412109	71.55000305175781	303.334	5.06	0
581	2023-05-22	7.389999866485596	71.98999786376953	303.334	5.06	0
582	2023-05-23	7.090000152587891	72.91000366210938	303.334	5.06	0
583	2023-05-24	6.559999942779541	74.33999633789062	303.334	5.06	0
584	2023-05-25	6.440000057220459	71.83000183105469	303.334	5.06	0
585	2023-05-26	6.570000171661377	72.66999816894531	303.334	5.06	0
586	2023-05-30	6.079999923706055	69.45999908447266	303.334	5.06	0
587	2023-05-31	5.78000020980835	68.08999633789062	303.334	5.06	0
588	2023-06-01	5.840000152587891	70.0999984741211	304.014	5.08	0
589	2023-06-02	6.139999866485596	71.73999786376953	304.014	5.08	0
590	2023-06-05	6.550000190734863	72.1500015258789	304.014	5.08	0
591	2023-06-06	6.550000190734863	71.73999786376953	304.014	5.08	0
592	2023-06-07	6.139999866485596	72.52999877929688	304.014	5.08	0
593	2023-06-08	6.369999885559082	71.29000091552734	304.014	5.08	0
594	2023-06-09	6.329999923706055	70.16999816894531	304.014	5.08	0
595	2023-06-12	6.190000057220459	67.12000274658203	304.014	5.08	0
596	2023-06-13	6.300000190734863	69.41999816894531	304.014	5.08	0
597	2023-06-14	6.400000095367432	68.2699966430664	304.014	5.08	0
598	2023-06-15	6.340000152587891	70.62000274658203	304.014	5.08	0
599	2023-06-16	6.139999866485596	71.77999877929688	304.014	5.08	0
600	2023-06-20	6.159999847412109	70.5	304.014	5.08	0
601	2023-06-21	6.119999885559082	72.52999877929688	304.014	5.08	0
602	2023-06-22	6.170000076293945	69.51000213623047	304.014	5.08	0
603	2023-06-23	6.159999847412109	69.16000366210938	304.014	5.08	0
604	2023-06-26	5.920000076293945	69.37000274658203	304.014	5.08	0
605	2023-06-27	5.659999847412109	67.69999694824219	304.014	5.08	0
606	2023-06-28	5.570000171661377	69.55999755859375	304.014	5.08	0
607	2023-06-29	5.610000133514404	69.86000061035156	304.014	5.08	0
608	2023-06-30	5.550000190734863	70.63999938964844	304.014	5.08	0
609	2023-07-03	5.170000076293945	69.79000091552734	304.014	5.08	0
610	2023-07-05	5.050000190734863	71.79000091552734	304.014	5.08	0
611	2023-07-06	5.199999809265137	71.80000305175781	304.014	5.08	0
612	2023-07-07	5.010000228881836	73.86000061035156	304.014	5.08	0
613	2023-07-10	5.039999961853027	72.98999786376953	304.014	5.08	0
614	2023-07-11	5.21999979019165	74.83000183105469	304.014	5.08	0
615	2023-07-12	5.369999885559082	75.75	304.014	5.08	0
616	2023-07-13	5.170000076293945	76.88999938964844	304.014	5.08	0
617	2023-07-14	5.079999923706055	75.41999816894531	304.014	5.08	0
618	2023-07-17	4.840000152587891	74.1500015258789	304.014	5.08	0
619	2023-07-18	4.610000133514404	75.75	304.014	5.08	0
620	2023-07-19	4.5	75.3499984741211	304.014	5.08	0
621	2023-07-20	4.730000019073486	75.62999725341797	304.014	5.08	0
622	2023-07-21	4.730000019073486	77.06999969482422	304.014	5.08	0
623	2023-07-24	4.559999942779541	78.73999786376953	304.014	5.08	0
624	2023-07-25	4.789999961853027	79.62999725341797	304.014	5.08	0
625	2023-07-26	4.869999885559082	78.77999877929688	304.014	5.08	0
626	2023-07-27	4.800000190734863	80.08999633789062	304.014	5.08	0
627	2023-07-28	4.760000228881836	80.58000183105469	304.014	5.08	0
628	2023-07-31	4.949999809265137	81.80000305175781	304.014	5.08	0
629	2023-08-01	4.949999809265137	81.37000274658203	306.082	5.33	0
630	2023-08-02	4.820000171661377	79.48999786376953	306.082	5.33	0
631	2023-08-03	4.889999866485596	81.55000305175781	306.082	5.33	0
632	2023-08-04	4.889999866485596	82.81999969482422	306.082	5.33	0
633	2023-08-07	5.210000038146973	81.94000244140625	306.082	5.33	0
634	2023-08-08	5.070000171661377	82.91999816894531	306.082	5.33	0
635	2023-08-09	5.059999942779541	84.4000015258789	306.082	5.33	0
636	2023-08-10	5.21999979019165	82.81999969482422	306.082	5.33	0
637	2023-08-11	5.329999923706055	83.19000244140625	306.082	5.33	0
638	2023-08-14	5.340000152587891	82.51000213623047	306.082	5.33	0
639	2023-08-15	5.590000152587891	80.98999786376953	306.082	5.33	0
640	2023-08-16	5.659999847412109	79.37999725341797	306.082	5.33	0
641	2023-08-17	5.449999809265137	80.38999938964844	306.082	5.33	0
642	2023-08-18	5.329999923706055	81.25	306.082	5.33	0
643	2023-08-21	5.090000152587891	80.72000122070312	306.082	5.33	0
644	2023-08-22	4.940000057220459	80.3499984741211	306.082	5.33	0
645	2023-08-23	4.829999923706055	78.88999938964844	306.082	5.33	0
646	2023-08-24	5.059999942779541	79.05000305175781	306.082	5.33	0
647	2023-08-25	4.940000057220459	79.83000183105469	306.082	5.33	0
648	2023-08-28	4.96999979019165	80.0999984741211	306.082	5.33	0
649	2023-08-29	5.050000190734863	81.16000366210938	306.082	5.33	0
650	2023-08-30	4.880000114440918	81.62999725341797	306.082	5.33	0
651	2023-08-31	4.889999866485596	83.62999725341797	306.082	5.33	0
652	2023-09-01	4.860000133514404	85.55000305175781	307.276	5.33	0
653	2023-09-05	4.900000095367432	86.69000244140625	307.276	5.33	0
654	2023-09-06	5.070000171661377	87.54000091552734	307.276	5.33	0
655	2023-09-07	5.239999771118164	86.87000274658203	307.276	5.33	0
656	2023-09-08	5.300000190734863	87.51000213623047	307.276	5.33	0
657	2023-09-11	5.099999904632568	87.29000091552734	307.276	5.33	0
658	2023-09-12	5.269999980926514	88.83999633789062	307.276	5.33	0
659	2023-09-13	5.300000190734863	88.5199966430664	307.276	5.33	0
660	2023-09-14	5.460000038146973	90.16000366210938	307.276	5.33	0
661	2023-09-15	5.480000019073486	90.7699966430664	307.276	5.33	0
662	2023-09-18	5.670000076293945	91.4800033569336	307.276	5.33	0
663	2023-09-19	5.699999809265137	91.1999969482422	307.276	5.33	0
664	2023-09-20	5.460000038146973	90.27999877929688	307.276	5.33	0
665	2023-09-21	5.369999885559082	89.62999725341797	307.276	5.33	0
666	2023-09-22	5.53000020980835	90.02999877929688	307.276	5.33	0
667	2023-09-25	5.590000152587891	89.68000030517578	307.276	5.33	0
668	2023-09-26	5.539999961853027	90.38999938964844	307.276	5.33	0
669	2023-09-27	5.53000020980835	93.68000030517578	307.276	5.33	0
670	2023-09-28	5.369999885559082	91.70999908447266	307.276	5.33	0
671	2023-09-29	5.489999771118164	90.79000091552734	307.276	5.33	0
672	2023-10-02	5.630000114440918	88.81999969482422	307.276	5.33	0
673	2023-10-03	5.590000152587891	89.2300033569336	307.276	5.33	0
674	2023-10-04	5.550000190734863	84.22000122070312	307.276	5.33	0
675	2023-10-05	5.75	82.30999755859375	307.276	5.33	0
676	2023-10-06	5.909999847412109	82.79000091552734	307.276	5.33	0
677	2023-10-09	5.96999979019165	86.37999725341797	307.276	5.33	0
678	2023-10-10	5.670000076293945	85.97000122070312	307.276	5.33	0
679	2023-10-11	5.78000020980835	83.48999786376953	307.276	5.33	0
680	2023-10-12	5.599999904632568	82.91000366210938	307.276	5.33	0
681	2023-10-13	5.869999885559082	87.69000244140625	307.276	5.33	0
682	2023-10-16	5.809999942779541	86.66000366210938	307.276	5.33	0
683	2023-10-17	6.090000152587891	86.66000366210938	307.276	5.33	0
684	2023-10-18	5.829999923706055	88.31999969482422	307.276	5.33	0
685	2023-10-19	5.670000076293945	89.37000274658203	307.276	5.33	0
686	2023-10-20	5.760000228881836	88.75	307.276	5.33	0
687	2023-10-23	5.539999961853027	85.48999786376953	307.276	5.33	0
688	2023-10-24	5.409999847412109	83.73999786376953	307.276	5.33	0
689	2023-10-25	5.289999961853027	85.38999938964844	307.276	5.33	0
690	2023-10-26	5.179999828338623	83.20999908447266	307.276	5.33	0
691	2023-10-27	5.059999942779541	85.54000091552734	307.276	5.33	0
692	2023-10-30	4.940000057220459	82.30999755859375	307.276	5.33	0
693	2023-10-31	5.010000228881836	81.0199966430664	307.276	5.33	0
694	2023-11-01	4.800000190734863	80.44000244140625	308.148	5.33	0
695	2023-11-02	5.010000228881836	82.45999908447266	308.148	5.33	0
696	2023-11-03	5.150000095367432	80.51000213623047	308.148	5.33	0
697	2023-11-06	5.269999980926514	80.81999969482422	308.148	5.33	0
698	2023-11-07	5.199999809265137	77.37000274658203	308.148	5.33	0
699	2023-11-08	5.400000095367432	75.33000183105469	308.148	5.33	0
700	2023-11-09	5.800000190734863	75.73999786376953	308.148	5.33	0
701	2023-11-10	5.699999809265137	77.16999816894531	308.148	5.33	0
702	2023-11-13	5.949999809265137	78.26000213623047	308.148	5.33	0
703	2023-11-14	5.929999828338623	78.26000213623047	308.148	5.33	0
704	2023-11-15	6.150000095367432	76.66000366210938	308.148	5.33	1
705	2023-11-16	6.440000057220459	72.9000015258789	308.148	5.33	1
706	2023-11-17	6.420000076293945	75.88999938964844	308.148	5.33	1
707	2023-11-20	6.420000076293945	77.5999984741211	308.148	5.33	1
708	2023-11-21	6.550000190734863	77.7699966430664	308.148	5.33	1
709	2023-11-22	6.619999885559082	77.0999984741211	308.148	5.33	1
710	2023-11-24	7.519999980926514	75.54000091552734	308.148	5.33	1
711	2023-11-27	7.769999980926514	74.86000061035156	308.148	5.33	1
712	2023-11-28	7.800000190734863	76.41000366210938	308.148	5.33	1
713	2023-11-29	8.710000038146973	77.86000061035156	308.148	5.33	1
714	2023-11-30	9.329999923706056	75.95999908447266	308.148	5.33	1
715	2023-12-01	10.039999961853027	74.06999969482422	308.741	5.33	1
716	2023-12-04	9.34000015258789	73.04000091552734	308.741	5.33	1
717	2023-12-05	8.300000190734863	72.31999969482422	308.741	5.33	1
718	2023-12-06	8.229999542236328	69.37999725341797	308.741	5.33	1
719	2023-12-07	8.34000015258789	69.33999633789062	308.741	5.33	1
720	2023-12-08	8.699999809265137	71.2300033569336	308.741	5.33	1
721	2023-12-11	8.600000381469727	71.31999969482422	308.741	5.33	1
722	2023-12-12	9.4399995803833	68.61000061035156	308.741	5.33	1
723	2023-12-13	8.869999885559082	69.47000122070312	308.741	5.33	1
724	2023-12-14	9.239999771118164	71.58000183105469	308.741	5.33	1
725	2023-12-15	9.920000076293944	71.43000030517578	308.741	5.33	1
726	2023-12-18	10.600000381469728	72.47000122070312	308.741	5.33	1
727	2023-12-19	9.779999732971191	73.44000244140625	308.741	5.33	1
728	2023-12-20	10.039999961853027	74.22000122070312	308.741	5.33	1
729	2023-12-21	9.970000267028809	73.88999938964844	308.741	5.33	1
730	2023-12-22	10.4399995803833	73.55999755859375	308.741	5.33	1
731	2023-12-26	10.399999618530272	75.56999969482422	308.741	5.33	1
732	2023-12-27	10.869999885559082	74.11000061035156	308.741	5.33	1
733	2023-12-28	11.649999618530272	71.7699966430664	308.741	5.33	1
734	2023-12-29	11.5600004196167	71.6500015258789	308.741	5.33	1
735	2024-01-02	10.619999885559082	70.37999725341797	308.741	5.33	1
736	2024-01-03	10.140000343322754	72.69999694824219	308.741	5.33	1
737	2024-01-04	10.899999618530272	72.19000244140625	308.741	5.33	1
738	2024-01-05	10.609999656677246	73.80999755859375	308.741	5.33	1
739	2024-01-08	9.609999656677246	70.7699966430664	308.741	5.33	1
740	2024-01-09	9.0	72.23999786376953	308.741	5.33	1
741	2024-01-10	9.550000190734863	71.37000274658203	308.741	5.33	1
742	2024-01-11	9.4399995803833	72.0199966430664	308.741	5.33	1
743	2024-01-12	9.5	72.68000030517578	308.741	5.33	1
744	2024-01-16	9.770000457763672	72.4000015258789	308.741	5.33	1
745	2024-01-17	10.0600004196167	72.55999755859375	308.741	5.33	1
746	2024-01-18	11.1899995803833	74.08000183105469	308.741	5.33	1
747	2024-01-19	11.050000190734863	73.41000366210938	308.741	5.33	1
748	2024-01-22	10.43000030517578	75.19000244140625	308.741	5.33	1
749	2024-01-23	10.720000267028809	74.37000274658203	308.741	5.33	1
750	2024-01-24	11.75	75.08999633789062	308.741	5.33	1
751	2024-01-25	11.100000381469728	77.36000061035156	308.741	5.33	1
752	2024-01-26	11.0600004196167	78.01000213623047	308.741	5.33	1
753	2024-01-29	10.75	76.77999877929688	308.741	5.33	1
754	2024-01-30	10.979999542236328	77.81999969482422	308.741	5.33	1
755	2024-01-31	11.239999771118164	75.8499984741211	308.741	5.33	1
756	2024-02-01	11.109999656677246	73.81999969482422	310.967	5.33	1
757	2024-02-02	11.170000076293944	72.27999877929688	310.967	5.33	1
758	2024-02-05	11.8100004196167	72.77999877929688	310.967	5.33	1
759	2024-02-06	12.640000343322754	73.30999755859375	310.967	5.33	1
760	2024-02-07	11.800000190734863	73.86000061035156	310.967	5.33	1
761	2024-02-08	12.550000190734863	76.22000122070312	310.967	5.33	1
762	2024-02-09	12.350000381469728	76.83999633789062	310.967	5.33	1
763	2024-02-12	12.5	76.91999816894531	310.967	5.33	1
764	2024-02-13	12.260000228881836	77.87000274658203	310.967	5.33	1
765	2024-02-14	12.75	76.63999938964844	310.967	5.33	1
766	2024-02-15	12.789999961853027	78.02999877929688	310.967	5.33	1
767	2024-02-16	12.81999969482422	79.19000244140625	310.967	5.33	1
768	2024-02-20	12.5	78.18000030517578	310.967	5.33	1
769	2024-02-21	12.949999809265137	77.91000366210938	310.967	5.33	1
770	2024-02-22	13.510000228881836	78.61000061035156	310.967	5.33	1
771	2024-02-23	14.336999893188477	76.48999786376953	310.967	5.33	1
772	2024-02-26	13.732999801635742	77.58000183105469	310.967	5.33	1
773	2024-02-27	14.449999809265137	78.87000274658203	310.967	5.33	1
774	2024-02-28	15.029999732971191	78.54000091552734	310.967	5.33	1
775	2024-02-29	15.25	78.26000213623047	310.967	5.33	0
776	2024-03-01	16.100000381469727	79.97000122070312	312.345	5.33	0
777	2024-03-04	16.229999542236328	78.73999786376953	312.345	5.33	0
778	2024-03-05	15.75	78.1500015258789	312.345	5.33	0
779	2024-03-06	15.56999969482422	79.12999725341797	312.345	5.33	0
780	2024-03-07	16.43000030517578	78.93000030517578	312.345	5.33	0
781	2024-03-08	16.84000015258789	78.01000213623047	312.345	5.33	0
782	2024-03-11	16.040000915527344	77.93000030517578	312.345	5.33	0
783	2024-03-12	16.479999542236328	77.55999755859375	312.345	5.33	0
784	2024-03-13	16.25	79.72000122070312	312.345	5.33	0
785	2024-03-14	16.059999465942383	81.26000213623047	312.345	5.33	0
786	2024-03-15	15.6899995803833	81.04000091552734	312.345	5.33	0
787	2024-03-18	16.190000534057617	82.72000122070312	312.345	5.33	0
788	2024-03-19	15.489999771118164	83.47000122070312	312.345	5.33	0
789	2024-03-20	14.68000030517578	81.68000030517578	312.345	5.33	0
790	2024-03-21	15.270000457763672	81.06999969482422	312.345	5.33	0
791	2024-03-22	14.729999542236328	80.62999725341797	312.345	5.33	0
792	2024-03-25	14.06999969482422	81.94999694824219	312.345	5.33	0
793	2024-03-26	13.380000114440918	81.62000274658203	312.345	5.33	0
794	2024-03-27	13.350000381469728	81.3499984741211	312.345	5.33	0
795	2024-03-28	13.859999656677246	83.16999816894531	312.345	5.33	0
796	2024-04-01	13.890000343322754	83.70999908447266	313.023	5.33	0
797	2024-04-02	12.699999809265137	85.1500015258789	313.023	5.33	0
798	2024-04-03	13.31999969482422	85.43000030517578	313.023	5.33	0
799	2024-04-04	12.710000038146973	86.58999633789062	313.023	5.33	0
800	2024-04-05	12.850000381469728	86.91000366210938	313.023	5.33	0
801	2024-04-08	12.510000228881836	86.43000030517578	313.023	5.33	0
802	2024-04-09	12.779999732971191	85.2300033569336	313.023	5.33	0
803	2024-04-10	13.5	86.20999908447266	313.023	5.33	0
804	2024-04-11	13.539999961853027	85.0199966430664	313.023	5.33	0
805	2024-04-12	13.670000076293944	85.66000366210938	313.023	5.33	0
806	2024-04-15	13.5600004196167	85.41000366210938	313.023	5.33	0
807	2024-04-16	13.399999618530272	85.36000061035156	313.023	5.33	0
808	2024-04-17	13.8100004196167	82.69000244140625	313.023	5.33	0
809	2024-04-18	13.43000030517578	82.7300033569336	313.023	5.33	0
810	2024-04-19	13.609999656677246	83.13999938964844	313.023	5.33	0
811	2024-04-22	13.029999732971191	82.8499984741211	313.023	5.33	0
812	2024-04-23	13.399999618530272	83.36000061035156	313.023	5.33	0
813	2024-04-24	13.15999984741211	82.80999755859375	313.023	5.33	0
814	2024-04-25	13.020000457763672	83.56999969482422	313.023	5.33	0
815	2024-04-26	12.81999969482422	83.8499984741211	313.023	5.33	0
816	2024-04-29	12.600000381469728	82.62999725341797	313.023	5.33	0
817	2024-04-30	12.710000038146973	81.93000030517578	313.023	5.33	0
818	2024-05-01	12.6899995803833	79.0	313.175	5.33	0
819	2024-05-02	13.460000038146973	78.94999694824219	313.175	5.33	0
820	2024-05-03	13.449999809265137	78.11000061035156	313.175	5.33	0
821	2024-05-06	13.56999969482422	78.4800033569336	313.175	5.33	0
822	2024-05-07	14.600000381469728	78.37999725341797	313.175	5.33	0
823	2024-05-08	13.93000030517578	78.98999786376953	313.175	5.33	0
824	2024-05-09	13.65999984741211	79.26000213623047	313.175	5.33	0
825	2024-05-10	13.739999771118164	78.26000213623047	313.175	5.33	0
826	2024-05-13	13.270000457763672	79.12000274658203	313.175	5.33	0
827	2024-05-14	12.949999809265137	78.0199966430664	313.175	5.33	0
828	2024-05-15	12.619999885559082	78.62999725341797	313.175	5.33	0
829	2024-05-16	12.75	79.2300033569336	313.175	5.33	0
830	2024-05-17	12.729999542236328	80.05999755859375	313.175	5.33	0
831	2024-05-20	12.829999923706056	79.80000305175781	313.175	5.33	0
832	2024-05-21	12.380000114440918	79.26000213623047	313.175	5.33	0
833	2024-05-22	12.140000343322754	77.56999969482422	313.175	5.33	0
834	2024-05-23	12.100000381469728	76.87000274658203	313.175	5.33	0
835	2024-05-24	12.260000228881836	77.72000122070312	313.175	5.33	0
836	2024-05-28	12.0	79.83000183105469	313.175	5.33	0
837	2024-05-29	12.079999923706056	79.2300033569336	313.175	5.33	0
838	2024-05-30	12.15999984741211	77.91000366210938	313.175	5.33	0
839	2024-05-31	11.9399995803833	76.98999786376953	313.175	5.33	0
840	2024-06-03	12.119999885559082	74.22000122070312	313.175	5.33	0
841	2024-06-04	12.25	73.25	313.175	5.33	0
842	2024-06-05	12.0600004196167	74.06999969482422	313.175	5.33	0
843	2024-06-06	12.0600004196167	75.55000305175781	313.175	5.33	0
844	2024-06-07	11.84000015258789	75.52999877929688	313.175	5.33	0
845	2024-06-10	11.460000038146973	77.73999786376953	313.175	5.33	0
846	2024-06-11	11.420000076293944	77.9000015258789	313.175	5.33	0
847	2024-06-12	11.9399995803833	78.5	313.175	5.33	0
848	2024-06-13	12.119999885559082	78.62000274658203	313.175	5.33	0
849	2024-06-14	11.770000457763672	78.44999694824219	313.175	5.33	0
850	2024-06-17	11.960000038146973	80.33000183105469	313.175	5.33	0
851	2024-06-18	11.869999885559082	81.56999969482422	313.175	5.33	0
852	2024-06-20	11.920000076293944	82.16999816894531	313.175	5.33	0
853	2024-06-21	11.779999732971191	80.7300033569336	313.175	5.33	0
854	2024-06-24	11.4399995803833	81.62999725341797	313.175	5.33	0
855	2024-06-25	11.399999618530272	80.83000183105469	313.175	5.33	0
856	2024-06-26	11.800000190734863	80.9000015258789	313.175	5.33	0
857	2024-06-27	11.920000076293944	81.73999786376953	313.175	5.33	0
858	2024-06-28	12.239999771118164	81.54000091552734	313.175	5.33	0
859	2024-07-01	12.5	83.37999725341797	313.569	5.33	0
860	2024-07-02	11.859999656677246	82.80999755859375	313.569	5.33	0
861	2024-07-03	12.0	83.87999725341797	313.569	5.33	0
862	2024-07-05	11.329999923706056	83.16000366210938	313.569	5.33	0
863	2024-07-08	11.520000457763672	82.33000183105469	313.569	5.33	0
864	2024-07-09	11.65999984741211	81.41000366210938	313.569	5.33	0
865	2024-07-10	11.979999542236328	82.0999984741211	313.569	5.33	0
866	2024-07-11	11.9399995803833	82.62000274658203	313.569	5.33	0
867	2024-07-12	12.079999923706056	82.20999908447266	313.569	5.33	0
868	2024-07-15	11.720000267028809	81.91000366210938	313.569	5.33	0
869	2024-07-16	11.600000381469728	80.76000213623047	313.569	5.33	0
870	2024-07-17	11.6899995803833	82.8499984741211	313.569	5.33	0
871	2024-07-18	11.800000190734863	82.81999969482422	313.569	5.33	0
872	2024-07-19	11.760000228881836	80.12999725341797	313.569	5.33	0
873	2024-07-22	11.770000457763672	79.77999877929688	313.569	5.33	0
874	2024-07-23	11.489999771118164	76.95999908447266	313.569	5.33	0
875	2024-07-24	11.640000343322754	77.58999633789062	313.569	5.33	0
876	2024-07-25	11.359999656677246	78.27999877929688	313.569	5.33	0
877	2024-07-26	11.0600004196167	77.16000366210938	313.569	5.33	0
878	2024-07-29	11.229999542236328	75.80999755859375	313.569	5.33	0
879	2024-07-30	10.829999923706056	74.7300033569336	313.569	5.33	0
880	2024-07-31	10.720000267028809	77.91000366210938	313.569	5.33	0
881	2024-08-01	10.890000343322754	76.30999755859375	314.062	5.33	0
882	2024-08-02	10.9399995803833	73.5199966430664	314.062	5.33	0
883	2024-08-05	10.770000457763672	72.94000244140625	314.062	5.33	0
884	2024-08-06	10.979999542236328	73.19999694824219	314.062	5.33	0
885	2024-08-07	10.770000457763672	75.2300033569336	314.062	5.33	0
886	2024-08-08	10.899999618530272	76.19000244140625	314.062	5.33	0
887	2024-08-09	10.710000038146973	76.83999633789062	314.062	5.33	0
888	2024-08-12	10.579999923706056	80.05999755859375	314.062	5.33	0
889	2024-08-13	10.829999923706056	78.3499984741211	314.062	5.33	0
890	2024-08-14	10.899999618530272	76.9800033569336	314.062	5.33	0
891	2024-08-15	10.770000457763672	78.16000366210938	314.062	5.33	0
892	2024-08-16	10.6899995803833	76.6500015258789	314.062	5.33	0
893	2024-08-19	10.449999809265137	74.37000274658203	314.062	5.33	0
894	2024-08-20	10.6899995803833	74.04000091552734	314.062	5.33	0
895	2024-08-21	10.800000190734863	71.93000030517578	314.062	5.33	0
896	2024-08-22	10.592000007629396	73.01000213623047	314.062	5.33	0
897	2024-08-23	10.40999984741211	74.83000183105469	314.062	5.33	0
898	2024-08-26	10.65999984741211	77.41999816894531	314.062	5.33	0
899	2024-08-27	10.6899995803833	75.52999877929688	314.062	5.33	0
900	2024-08-28	10.69499969482422	74.5199966430664	314.062	5.33	0
901	2024-08-29	11.140000343322754	75.91000366210938	314.062	5.33	0
902	2024-08-30	11.109999656677246	73.55000305175781	314.062	5.33	0
903	2024-09-03	10.5	70.33999633789062	314.062	5.33	0
904	2024-09-04	10.619999885559082	69.19999694824219	314.062	5.33	0
905	2024-09-05	10.739999771118164	69.1500015258789	314.062	5.33	0
906	2024-09-06	10.739999771118164	67.66999816894531	314.062	5.33	0
907	2024-09-09	10.56999969482422	68.70999908447266	314.062	5.33	0
908	2024-09-10	10.5600004196167	65.75	314.062	5.33	0
909	2024-09-11	10.75	67.30999755859375	314.062	5.33	0
910	2024-09-12	10.619999885559082	68.97000122070312	314.062	5.33	0
911	2024-09-13	10.270000457763672	68.6500015258789	314.062	5.33	0
912	2024-09-16	10.369999885559082	70.08999633789062	314.062	5.33	0
913	2024-09-17	10.350000381469728	71.19000244140625	314.062	5.33	0
914	2024-09-18	10.68000030517578	70.91000366210938	314.062	5.33	0
915	2024-09-19	10.56999969482422	71.94999694824219	314.062	5.33	0
916	2024-09-20	10.399999618530272	71.91999816894531	314.062	5.33	0
917	2024-09-23	10.619999885559082	70.37000274658203	314.062	5.33	0
918	2024-09-24	10.739999771118164	71.55999755859375	314.062	5.33	0
919	2024-09-25	10.649999618530272	69.69000244140625	314.062	5.33	0
920	2024-09-26	10.720000267028809	67.66999816894531	314.062	5.33	0
921	2024-09-27	10.449999809265137	68.18000030517578	314.062	5.33	0
922	2024-09-30	10.739999771118164	68.16999816894531	314.062	5.33	0
923	2024-10-01	10.1899995803833	69.83000183105469	315.631	4.83	1
924	2024-10-02	10.079999923706056	70.0999984741211	315.631	4.83	1
925	2024-10-03	10.350000381469728	73.70999908447266	315.631	4.83	1
926	2024-10-04	10.260000228881836	74.37999725341797	315.631	4.83	1
927	2024-10-07	10.220000267028809	77.13999938964844	315.631	4.83	0
928	2024-10-08	9.789999961853027	73.56999969482422	315.631	4.83	0
929	2024-10-09	9.329999923706056	73.23999786376953	315.631	4.83	0
930	2024-10-10	9.539999961853027	75.8499984741211	315.631	4.83	0
931	2024-10-11	9.40999984741211	75.55999755859375	315.631	4.83	0
932	2024-10-14	9.039999961853027	73.83000183105469	315.631	4.83	0
933	2024-10-15	8.520000457763672	70.58000183105469	315.631	4.83	0
934	2024-10-16	8.100000381469727	70.38999938964844	315.631	4.83	0
935	2024-10-17	8.420000076293945	70.66999816894531	315.631	4.83	0
936	2024-10-18	8.220000267028809	69.22000122070312	315.631	4.83	0
937	2024-10-21	7.929999828338623	70.55999755859375	315.631	4.83	0
938	2024-10-22	7.929999828338623	72.08999633789062	315.631	4.83	0
939	2024-10-23	8.0600004196167	70.7699966430664	315.631	4.83	0
940	2024-10-24	7.929999828338623	70.19000244140625	315.631	4.83	0
941	2024-10-25	7.809999942779541	71.77999877929688	315.631	4.83	0
942	2024-10-28	7.53000020980835	67.37999725341797	315.631	4.83	0
943	2024-10-29	7.869999885559082	67.20999908447266	315.631	4.83	0
944	2024-10-30	7.480000019073486	68.61000061035156	315.631	4.83	0
945	2024-10-31	7.480000019073486	69.26000213623047	315.631	4.83	0
946	2024-11-01	7.46999979019165	69.48999786376953	316.528	4.64	0
947	2024-11-04	7.78000020980835	71.47000122070312	316.528	4.64	0
948	2024-11-05	7.849999904632568	71.98999786376953	316.528	4.64	0
949	2024-11-06	7.650000095367432	71.69000244140625	316.528	4.64	0
950	2024-11-07	7.889999866485596	72.36000061035156	316.528	4.64	0
951	2024-11-08	8.149999618530273	70.37999725341797	316.528	4.64	0
952	2024-11-11	8.460000038146973	68.04000091552734	316.528	4.64	0
953	2024-11-12	8.300000190734863	68.12000274658203	316.528	4.64	0
954	2024-11-13	8.489999771118164	68.43000030517578	316.528	4.64	0
955	2024-11-14	8.449999809265137	68.69999694824219	316.528	4.64	0
956	2024-11-15	8.5	67.0199966430664	316.528	4.64	0
957	2024-11-18	7.989999771118164	69.16000366210938	316.528	4.64	0
958	2024-11-19	7.800000190734863	69.38999938964844	316.528	4.64	0
959	2024-11-20	7.664000034332275	68.87000274658203	316.528	4.64	0
960	2024-11-21	7.5	70.0999984741211	316.528	4.64	0
961	2024-11-22	7.230000019073486	71.23999786376953	316.528	4.64	0
962	2024-11-25	7.451000213623047	68.94000244140625	316.528	4.64	0
963	2024-11-26	7.409999847412109	68.7699966430664	316.528	4.64	0
964	2024-11-27	6.800000190734863	68.72000122070312	316.528	4.64	0
965	2024-11-29	6.650000095367432	68.0	316.528	4.64	0
966	2024-12-02	6.349999904632568	68.0999984741211	316.528	4.64	0
967	2024-12-03	6.349999904632568	69.94000244140625	316.528	4.64	0
968	2024-12-04	6.440000057220459	68.54000091552734	316.528	4.64	0
969	2024-12-05	6.619999885559082	68.30000305175781	316.528	4.64	0
970	2024-12-06	6.489999771118164	67.19999694824219	316.528	4.64	0
971	2024-12-09	6.199999809265137	68.37000274658203	316.528	4.64	0
972	2024-12-10	6.019999980926514	68.58999633789062	316.528	4.64	0
973	2024-12-11	5.710000038146973	70.29000091552734	316.528	4.64	0
974	2024-12-12	5.900000095367432	70.0199966430664	316.528	4.64	0
975	2024-12-13	6.099999904632568	71.29000091552734	316.528	4.64	0
976	2024-12-16	6.070000171661377	70.70999908447266	316.528	4.64	0
977	2024-12-17	5.849999904632568	70.08000183105469	316.528	4.64	0
978	2024-12-18	6.059999942779541	70.58000183105469	316.528	4.64	0
979	2024-12-19	6.010000228881836	69.91000366210938	316.528	4.64	0
980	2024-12-20	6.21999979019165	69.45999908447266	316.528	4.64	0
981	2024-12-23	6.25	69.23999786376953	316.528	4.64	0
982	2024-12-24	6.130000114440918	70.0999984741211	316.528	4.64	0
983	2024-12-26	6.065000057220459	69.62000274658203	316.528	4.64	0
984	2024-12-27	6.099999904632568	70.5999984741211	316.528	4.64	0
985	2024-12-30	5.920000076293945	70.98999786376953	316.528	4.64	0
986	2024-12-31	6.079999923706055	71.72000122070312	316.528	4.64	0
987	2025-01-02	6.25	73.12999725341797	316.528	4.64	0
988	2025-01-03	6.260000228881836	73.95999908447266	316.528	4.64	0
989	2025-01-06	5.820000171661377	73.55999755859375	316.528	4.64	0
990	2025-01-07	5.630000114440918	74.25	316.528	4.64	0
991	2025-01-08	5.550000190734863	73.31999969482422	316.528	4.64	0
992	2025-01-10	6.699999809265137	76.56999969482422	316.528	4.64	0
993	2025-01-13	5.840000152587891	78.81999969482422	316.528	4.64	0
994	2025-01-14	6.130000114440918	77.5	316.528	4.64	0
995	2025-01-15	5.889999866485596	80.04000091552734	316.528	4.64	0
996	2025-01-16	5.730000019073486	78.68000030517578	316.528	4.64	0
997	2025-01-17	5.71999979019165	77.87999725341797	316.528	4.64	0
998	2025-01-21	5.610000133514404	75.88999938964844	316.528	4.64	0
999	2025-01-22	5.28000020980835	75.44000244140625	316.528	4.64	0
1000	2025-01-23	5.139999866485596	74.62000274658203	316.528	4.64	0
1001	2025-01-24	5.139999866485596	74.66000366210938	316.528	4.64	0
1002	2025-01-27	5.320000171661377	73.16999816894531	316.528	4.64	0
1003	2025-01-28	5.28000020980835	73.7699966430664	316.528	4.64	0
1004	2025-01-29	5.320000171661377	72.62000274658203	316.528	4.64	0
1005	2025-01-30	5.489999771118164	72.7300033569336	316.528	4.64	0
1006	2025-01-31	5.769999980926514	72.52999877929688	316.528	4.64	0
1007	2025-02-03	5.46999979019165	73.16000366210938	316.528	4.64	0
1008	2025-02-04	5.869999885559082	72.69999694824219	316.528	4.64	0
1009	2025-02-05	5.989999771118164	71.02999877929688	316.528	4.64	0
1010	2025-02-06	5.800000190734863	70.61000061035156	316.528	4.64	0
1011	2025-02-07	5.860000133514404	71.0	316.528	4.64	0
1012	2025-02-10	5.78000020980835	72.31999969482422	316.528	4.64	0
1013	2025-02-11	5.679999828338623	73.31999969482422	316.528	4.64	0
1014	2025-02-12	5.510000228881836	71.37000274658203	316.528	4.64	0
1015	2025-02-13	5.5	71.29000091552734	316.528	4.64	0
1016	2025-02-14	5.639999866485596	70.73999786376953	316.528	4.64	0
1017	2025-02-18	6.079999923706055	71.8499984741211	316.528	4.64	0
1018	2025-02-19	5.989999771118164	72.25	316.528	4.64	0
1019	2025-02-20	6.449999809265137	72.56999969482422	316.528	4.64	0
1020	2025-02-21	6.320000171661377	70.4000015258789	316.528	4.64	0
1021	2025-02-24	6.090000152587891	70.69999694824219	316.528	4.64	0
1022	2025-02-25	6.260000228881836	68.93000030517578	316.528	4.64	0
1023	2025-02-26	6.400000095367432	68.62000274658203	316.528	4.64	0
1024	2025-02-27	6.170000076293945	70.3499984741211	316.528	4.64	0
1025	2025-02-28	6.400000095367432	69.76000213623047	316.528	4.64	0
1026	2025-03-03	6.150000095367432	68.37000274658203	316.528	4.64	0
1027	2025-03-04	6.0	68.26000213623047	316.528	4.64	0
1028	2025-03-05	6.289999961853027	66.30999755859375	316.528	4.64	0
1029	2025-03-06	6.5	66.36000061035156	316.528	4.64	0
1030	2025-03-07	6.570000171661377	67.04000091552734	316.528	4.64	0
1031	2025-03-10	6.550000190734863	66.02999877929688	316.528	4.64	0
1032	2025-03-11	6.679999828338623	66.25	316.528	4.64	0
1033	2025-03-12	7.139999866485596	67.68000030517578	316.528	4.64	0
1034	2025-03-13	6.849999904632568	66.55000305175781	316.528	4.64	0
1035	2025-03-14	6.949999809265137	67.18000030517578	316.528	4.64	0
1036	2025-03-17	6.860000133514404	67.58000183105469	316.528	4.64	0
1037	2025-03-18	6.730000019073486	66.9000015258789	316.528	4.64	0
1038	2025-03-19	6.5	67.16000366210938	316.528	4.64	0
1039	2025-03-20	6.775000095367432	68.26000213623047	316.528	4.64	0
1040	2025-03-21	6.909999847412109	68.27999877929688	316.528	4.64	0
1041	2025-03-24	6.75	69.11000061035156	316.528	4.64	0
1042	2025-03-25	6.510000228881836	69.0	316.528	4.64	0
1043	2025-03-26	6.400000095367432	69.6500015258789	316.528	4.64	0
1044	2025-03-27	6.349999904632568	69.91999816894531	316.528	4.64	0
1045	2025-03-28	6.360000133514404	69.36000061035156	316.528	4.64	0
1046	2025-03-31	6.25	71.4800033569336	316.528	4.64	0
1047	2025-04-01	6.5	71.19999694824219	320.302	4.33	0
1048	2025-04-02	6.369999885559082	71.70999908447266	320.302	4.33	0
1049	2025-04-03	6.019999980926514	66.94999694824219	320.302	4.33	0
1050	2025-04-04	5.619999885559082	61.9900016784668	320.302	4.33	0
1051	2025-04-07	5.380000114440918	60.70000076293945	320.302	4.33	0
1052	2025-04-08	5.360000133514404	59.58000183105469	320.302	4.33	0
1053	2025-04-09	5.329999923706055	62.34999847412109	320.302	4.33	0
1054	2025-04-10	5.599999904632568	60.06999969482422	320.302	4.33	0
1055	2025-04-11	5.630000114440918	61.5	320.302	4.33	0
1056	2025-04-14	5.75	61.52999877929688	320.302	4.33	0
1057	2025-04-15	5.690000057220459	61.33000183105469	320.302	4.33	0
1058	2025-04-16	5.71999979019165	62.470001220703125	320.302	4.33	0
1059	2025-04-17	5.739999771118164	64.68000030517578	320.302	4.33	0
1060	2025-04-21	5.730000019073486	63.08000183105469	320.302	4.33	0
1061	2025-04-22	5.599999904632568	64.30999755859375	320.302	4.33	0
1062	2025-04-23	5.880000114440918	62.27000045776367	320.302	4.33	0
1063	2025-04-24	5.829999923706055	62.790000915527344	320.302	4.33	0
1064	2025-04-25	5.920000076293945	63.02000045776367	320.302	4.33	0
1065	2025-04-28	5.78000020980835	62.04999923706055	320.302	4.33	0
1066	2025-04-29	5.570000171661377	60.41999816894531	320.302	4.33	0
1067	2025-04-30	5.764999866485596	58.209999084472656	320.302	4.33	0
1068	2025-05-01	5.949999809265137	59.2400016784668	320.62	4.33	0
1069	2025-05-02	5.840000152587891	58.290000915527344	320.62	4.33	0
1070	2025-05-05	5.914000034332275	57.130001068115234	320.62	4.33	0
1071	2025-05-06	5.619999885559082	59.09000015258789	320.62	4.33	0
1072	2025-05-07	5.619999885559082	58.06999969482422	320.62	4.33	0
1073	2025-05-08	5.420000076293945	59.90999984741211	320.62	4.33	0
1074	2025-05-09	5.429999828338623	61.02000045776367	320.62	4.33	0
1075	2025-05-12	5.539999961853027	61.95000076293945	320.62	4.33	0
1076	2025-05-13	5.300000190734863	63.66999816894531	320.62	4.33	0
1077	2025-05-14	5.460000038146973	63.150001525878906	320.62	4.33	0
1078	2025-05-15	5.550000190734863	61.619998931884766	320.62	4.33	0
1079	2025-05-16	5.504000186920166	62.4900016784668	320.62	4.33	0
1080	2025-05-19	5.309999942779541	62.68999862670898	320.62	4.33	0
1081	2025-05-20	5.360000133514404	62.560001373291016	320.62	4.33	0
1082	2025-05-21	5.340000152587891	61.56999969482422	320.62	4.33	0
1083	2025-05-22	5.210000038146973	61.20000076293945	320.62	4.33	0
1084	2025-05-23	5.150000095367432	61.52999877929688	320.62	4.33	0
1085	2025-05-27	5.150000095367432	60.88999938964844	320.62	4.33	0
1086	2025-05-28	5.166999816894531	61.84000015258789	320.62	4.33	0
1087	2025-05-29	5.190000057220459	60.93999862670898	320.62	4.33	0
1088	2025-05-30	5.190000057220459	60.790000915527344	320.62	4.33	0
1089	2025-06-02	5.099999904632568	62.52000045776367	320.62	4.33	0
1090	2025-06-03	5.199999809265137	63.40999984741211	320.62	4.33	0
1091	2025-06-04	5.420000076293945	62.84999847412109	320.62	4.33	0
1092	2025-06-05	5.489999771118164	63.369998931884766	320.62	4.33	0
1093	2025-06-06	5.409999847412109	64.58000183105469	320.62	4.33	0
1094	2025-06-09	5.372000217437744	65.29000091552734	320.62	4.33	0
1095	2025-06-10	5.519999980926514	64.9800033569336	320.62	4.33	0
1096	2025-06-11	5.650000095367432	68.1500015258789	320.62	4.33	0
1097	2025-06-12	5.730000019073486	68.04000091552734	320.62	4.33	0
1098	2025-06-13	5.869999885559082	72.9800033569336	320.62	4.33	0
1099	2025-06-16	5.679999828338623	71.7699966430664	320.62	4.33	0
1100	2025-06-17	5.630000114440918	74.83999633789062	320.62	4.33	0
1101	2025-06-18	5.619999885559082	75.13999938964844	320.62	4.33	0
1102	2025-06-20	5.730000019073486	74.93000030517578	320.62	4.33	0
1103	2025-06-23	5.78000020980835	68.51000213623047	320.62	4.33	0
1104	2025-06-24	5.735000133514404	64.37000274658203	320.62	4.33	0
1105	2025-06-25	5.800000190734863	64.91999816894531	320.62	4.33	0
1106	2025-06-26	5.659999847412109	65.23999786376953	320.62	4.33	0
1107	2025-06-27	5.584000110626221	65.5199966430664	320.62	4.33	0
1108	2025-06-30	5.550000190734863	65.11000061035156	320.62	4.33	0
1109	2025-07-01	5.630000114440918	65.44999694824219	322.169	4.33	0
1110	2025-07-02	5.769999980926514	67.44999694824219	322.169	4.33	0
1111	2025-07-03	5.929999828338623	67.0	322.169	4.33	0
1112	2025-07-07	6.070000171661377	67.93000030517578	322.169	4.33	0
1113	2025-07-08	6.179999828338623	68.33000183105469	322.169	4.33	0
1114	2025-07-09	6.25	68.37999725341797	322.169	4.33	0
1115	2025-07-10	6.659999847412109	66.56999969482422	322.169	4.33	0
1116	2025-07-11	7.090000152587891	68.44999694824219	322.169	4.33	0
1117	2025-07-14	7.260000228881836	66.9800033569336	322.169	4.33	0
1118	2025-07-15	6.78000020980835	66.5199966430664	322.169	4.33	0
1119	2025-07-16	7.25	66.37999725341797	322.169	4.33	0
1120	2025-07-17	7.610000133514404	67.54000091552734	322.169	4.33	0
1121	2025-07-18	7.400000095367432	67.33999633789062	322.169	4.33	0
1122	2025-07-21	7.349999904632568	67.19999694824219	322.169	4.33	0
1123	2025-07-22	7.670000076293945	66.20999908447266	322.169	4.33	0
1124	2025-07-23	7.519999980926514	65.25	322.169	4.33	0
1125	2025-07-24	7.420000076293945	66.02999877929688	322.169	4.33	0
1126	2025-07-25	7.150000095367432	65.16000366210938	322.169	4.33	0
1127	2025-07-28	7.245999813079834	66.70999908447266	322.169	4.33	0
1128	2025-07-29	6.940000057220459	69.20999908447266	322.169	4.33	0
1129	2025-07-30	7.019999980926514	70.0	322.169	4.33	0
1130	2025-07-31	7.400000095367432	69.26000213623047	322.169	4.33	0
1131	2025-08-01	7.460000038146973	67.33000183105469	323.291	4.33	0
1132	2025-08-04	7.309999942779541	66.29000091552734	323.291	4.33	0
1133	2025-08-05	7.769999980926514	65.16000366210938	323.291	4.33	0
1134	2025-08-06	7.730000019073486	64.3499984741211	323.291	4.33	0
1135	2025-08-07	7.75	63.880001068115234	323.291	4.33	0
1136	2025-08-08	7.800000190734863	63.880001068115234	323.291	4.33	0
1137	2025-08-11	7.900000095367432	63.959999084472656	323.291	4.33	0
1138	2025-08-12	8.020000457763672	63.16999816894531	323.291	4.33	0
1139	2025-08-13	8.166999816894531	62.650001525878906	323.291	4.33	0
1140	2025-08-14	8.130000114440918	63.959999084472656	323.291	4.33	0
1141	2025-08-15	8.020000457763672	62.79999923706055	323.291	4.33	0
1142	2025-08-18	8.079999923706055	63.41999816894531	323.291	4.33	0
1143	2025-08-19	7.7729997634887695	62.34999847412109	323.291	4.33	0
1144	2025-08-20	8.039999961853027	63.209999084472656	323.291	4.33	0
1145	2025-08-21	8.15999984741211	63.52000045776367	323.291	4.33	0
1146	2025-08-22	8.40999984741211	63.65999984741211	323.291	4.33	0
1147	2025-08-25	8.5	64.80000305175781	323.291	4.33	0
1148	2025-08-26	8.600000381469727	63.25	323.291	4.33	0
1149	2025-08-27	8.300000190734863	64.1500015258789	323.291	4.33	0
1150	2025-08-28	8.350000381469727	64.5999984741211	323.291	4.33	0
1151	2025-08-29	8.369999885559082	64.01000213623047	323.291	4.33	0
1152	2025-09-02	8.020000457763672	65.58999633789062	323.291	4.33	0
1153	2025-09-03	8.140000343322754	63.970001220703125	323.291	4.33	0
1154	2025-09-04	8.062999725341797	63.47999954223633	323.291	4.33	0
1155	2025-09-05	8.039999961853027	61.869998931884766	323.291	4.33	0
1156	2025-09-08	8.149999618530273	62.2599983215332	323.291	4.33	0
1157	2025-09-09	8.390000343322754	62.630001068115234	323.291	4.33	0
1158	2025-09-10	8.220000267028809	63.66999816894531	323.291	4.33	0
1159	2025-09-11	8.114999771118164	62.369998931884766	323.291	4.33	0
1160	2025-09-12	8.100000381469727	62.68999862670898	323.291	4.33	0
1161	2025-09-15	8.210000038146973	63.29999923706055	323.291	4.33	0
1162	2025-09-16	8.039999961853027	64.5199966430664	323.291	4.33	0
1163	2025-09-17	8.140000343322754	64.05000305175781	323.291	4.33	0
1164	2025-09-18	8.199999809265137	63.56999969482422	323.291	4.33	0
1165	2025-09-19	8.15999984741211	62.68000030517578	323.291	4.33	0
1166	2025-09-22	8.0600004196167	62.63999938964844	323.291	4.33	0
1167	2025-09-23	8.25	63.40999984741211	323.291	4.33	0
1168	2025-09-24	8.380000114440918	64.98999786376953	323.291	4.33	0
1169	2025-09-25	8.199999809265137	64.9800033569336	323.291	4.33	0
1170	2025-09-26	8.050000190734863	65.72000122070312	323.291	4.33	0
1171	2025-09-29	7.769999980926514	63.45000076293945	323.291	4.33	0
1172	2025-09-30	7.510000228881836	62.369998931884766	323.291	4.33	0
1173	2025-10-01	7.579999923706055	61.77999877929688	323.291	4.09	0
1174	2025-10-02	7.78000020980835	60.47999954223633	323.291	4.09	0
1175	2025-10-03	7.71999979019165	60.880001068115234	323.291	4.09	0
1176	2025-10-06	7.866000175476074	61.68999862670898	323.291	4.09	0
1177	2025-10-07	8.0	61.72999954223633	323.291	4.09	0
1178	2025-10-08	7.599999904632568	62.54999923706055	323.291	4.09	0
1179	2025-10-09	7.699999809265137	61.5099983215332	323.291	4.09	0
1180	2025-10-10	8.180000305175781	58.900001525878906	323.291	4.09	0
1181	2025-10-13	8.640000343322754	59.4900016784668	323.291	4.09	0
1182	2025-10-14	8.199999809265137	58.70000076293945	323.291	4.09	0
1183	2025-10-15	8.520000457763672	58.27000045776367	323.291	4.09	0
1184	2025-10-16	8.329999923706055	57.459999084472656	323.291	4.09	0
1185	2025-10-17	8.15999984741211	57.540000915527344	323.291	4.09	0
1186	2025-10-20	8.239999771118164	57.52000045776367	323.291	4.09	0
1187	2025-10-21	8.380000114440918	57.81999969482422	323.291	4.09	0
1188	2025-10-22	8.229999542236328	58.5	323.291	4.09	0
1189	2025-10-23	7.820000171661377	61.790000915527344	323.291	4.09	0
1190	2025-10-24	7.849999904632568	61.5	323.291	4.09	0
1191	2025-10-27	7.96999979019165	61.310001373291016	323.291	4.09	0
1192	2025-10-28	7.953000068664551	60.150001525878906	323.291	4.09	0
1193	2025-10-29	8.199999809265137	60.47999954223633	323.291	4.09	0
1194	2025-10-30	8.25	60.56999969482422	323.291	4.09	0
1195	2025-10-31	8.100000381469727	60.97999954223633	323.291	4.09	0
1196	2025-11-03	7.920000076293945	61.04999923706055	323.291	4.09	0
1197	2025-11-04	8.180000305175781	60.560001373291016	323.291	4.09	0
1198	2025-11-05	8.300000190734863	59.59999847412109	323.291	4.09	0
1199	2025-11-06	8.5	59.43000030517578	323.291	4.09	0
1200	2025-11-07	8.350000381469727	59.75	323.291	4.09	0
1201	2025-11-10	8.369999885559082	60.130001068115234	323.291	4.09	0
1202	2025-11-11	8.420000076293945	61.040000915527344	323.291	4.09	0
1203	2025-11-12	8.479999542236328	58.4900016784668	323.291	4.09	0
1204	2025-11-13	8.699999809265137	58.68999862670898	323.291	4.09	0
1205	2025-11-14	8.600000381469727	60.09000015258789	323.291	4.09	0
1206	2025-11-17	8.800000190734863	59.90999984741211	323.291	4.09	0
1207	2025-11-18	8.989999771118164	60.7400016784668	323.291	4.09	0
1208	2025-11-19	8.899999618530273	59.43999862670898	323.291	4.09	0
1209	2025-11-20	8.920000076293945	59.13999938964844	323.291	4.09	0
1210	2025-11-21	8.949999809265137	58.060001373291016	323.291	4.09	0
1211	2025-11-24	9.1899995803833	58.84000015258789	323.291	4.09	0
1212	2025-11-25	9.229999542236328	57.95000076293945	323.291	4.09	0
1213	2025-11-26	9.199999809265137	58.650001525878906	323.291	4.09	0
1214	2025-11-28	8.770000457763672	58.54999923706055	323.291	4.09	0
1215	2025-12-01	9.34000015258789	59.31999969482422	326.031	3.72	0
1216	2025-12-02	9.25	58.63999938964844	326.031	3.72	0
1217	2025-12-03	9.300000190734863	58.95000076293945	326.031	3.72	0
1218	2025-12-04	9.270000457763672	59.66999816894531	326.031	3.72	0
1219	2025-12-05	9.0	60.08000183105469	326.031	3.72	0
1220	2025-12-08	9.25	58.880001068115234	326.031	3.72	0
1221	2025-12-09	8.829999923706055	58.25	326.031	3.72	0
1222	2025-12-10	9.012999534606934	58.459999084472656	326.031	3.72	0
1223	2025-12-11	8.84000015258789	57.59999847412109	326.031	3.72	0
1224	2025-12-12	8.680000305175781	57.43999862670898	326.031	3.72	0
1225	2025-12-15	8.920000076293945	56.81999969482422	326.031	3.72	0
1226	2025-12-16	8.770000457763672	55.27000045776367	326.031	3.72	0
1227	2025-12-17	8.420000076293945	55.93999862670898	326.031	3.72	0
1228	2025-12-18	8.656000137329102	56.150001525878906	326.031	3.72	0
1229	2025-12-19	8.699999809265137	56.65999984741211	326.031	3.72	0
1230	2025-12-22	8.880000114440918	58.0099983215332	326.031	3.72	0
1231	2025-12-23	8.739999771118164	58.380001068115234	326.031	3.72	0
1232	2025-12-24	8.770000457763672	58.34999847412109	326.031	3.72	0
1233	2025-12-26	8.75	56.7400016784668	326.031	3.72	0
1234	2025-12-29	8.739999771118164	58.08000183105469	326.031	3.72	0
1235	2025-12-30	8.680000305175781	57.95000076293945	326.031	3.72	0
1236	2025-12-31	8.770000457763672	57.41999816894531	326.031	3.72	0
1237	2026-01-02	8.460000038146973	57.31999969482422	326.031	3.72	0
1238	2026-01-05	8.720000267028809	58.31999969482422	326.031	3.72	0
1239	2026-01-06	8.8100004196167	57.130001068115234	326.031	3.72	0
1240	2026-01-07	8.789999961853027	55.9900016784668	326.031	3.72	0
1241	2026-01-08	9.140000343322754	57.7599983215332	326.031	3.72	0
1242	2026-01-09	8.850000381469727	59.119998931884766	326.031	3.72	0
1243	2026-01-12	8.729999542236328	59.5	326.031	3.72	0
1244	2026-01-13	8.720999717712402	61.150001525878906	326.031	3.72	0
1245	2026-01-14	9.039999961853027	62.02000045776367	326.031	3.72	0
1246	2026-01-15	9.479999542236328	59.18999862670898	326.031	3.72	0
1247	2026-01-16	9.800000190734863	59.43999862670898	326.031	3.72	0
1248	2026-01-20	10.239999771118164	60.34000015258789	326.031	3.72	0
1249	2026-01-21	10.06999969482422	60.619998931884766	326.031	3.72	0
1250	2026-01-22	10.0	59.36000061035156	326.031	3.72	0
1251	2026-01-23	10.359999656677246	61.06999969482422	326.031	3.72	0
1252	2026-01-26	10.979999542236328	60.630001068115234	326.031	3.72	0
1253	2026-01-27	11.260000228881836	62.38999938964844	326.031	3.72	0
1254	2026-01-28	11.010000228881836	63.209999084472656	326.031	3.72	0
1255	2026-01-29	11.479999542236328	65.41999816894531	326.031	3.72	0
1256	2026-01-30	11.529999732971191	65.20999908447266	326.031	3.72	0
1257	2026-02-02	11.199999809265137	62.13999938964844	326.031	3.72	0
1258	2026-02-03	10.550000190734863	63.209999084472656	326.031	3.72	0
1259	2026-02-04	10.850000381469728	65.13999938964844	326.031	3.72	0
1260	2026-02-05	10.710000038146973	63.290000915527344	326.031	3.72	0
1261	2026-02-06	10.649999618530272	63.54999923706055	326.031	3.72	0
1262	2026-02-09	10.949999809265137	64.36000061035156	326.031	3.72	0
1263	2026-02-10	11.18000030517578	63.959999084472656	326.031	3.72	0
1264	2026-02-11	11.4399995803833	64.62999725341797	326.031	3.72	0
1265	2026-02-12	11.300000190734863	62.84000015258789	326.031	3.72	0
1266	2026-02-13	11.489999771118164	62.88999938964844	326.031	3.72	0
1267	2026-02-17	11.68000030517578	62.33000183105469	326.031	3.72	0
1268	2026-02-18	11.760000228881836	65.19000244140625	326.031	3.72	0
1269	2026-02-19	11.65999984741211	66.43000030517578	326.031	3.72	0
1270	2026-02-20	11.729999542236328	66.38999938964844	326.031	3.72	0
1271	2026-02-23	11.770000457763672	66.30999755859375	326.031	3.72	0
1272	2026-02-24	11.869999885559082	65.62999725341797	326.031	3.72	0
1273	2026-02-25	11.68000030517578	65.41999816894531	326.031	3.72	0
1274	2026-02-26	11.90999984741211	65.20999908447266	326.031	3.72	0
1275	2026-02-27	12.06999969482422	67.0199966430664	326.031	3.72	0
1276	2026-03-02	12.220000267028809	71.2300033569336	326.031	3.72	0
1277	2026-03-03	12.5	74.55999755859375	326.031	3.72	0
1278	2026-03-04	11.90999984741211	74.66000366210938	326.031	3.72	0
1279	2026-03-05	11.520000457763672	81.01000213623047	326.031	3.72	0
1280	2026-03-06	10.460000038146973	90.9000015258789	326.031	3.72	0
1281	2026-03-09	10.260000228881836	94.7699966430664	326.031	3.72	0
1282	2026-03-10	10.229999542236328	83.44999694824219	326.031	3.72	0
1283	2026-03-11	10.699999809265137	87.25	326.031	3.72	0
1284	2026-03-12	10.399999618530272	95.7300033569336	326.031	3.72	0
1285	2026-03-13	10.489999771118164	98.70999908447266	326.031	3.72	0
1286	2026-03-16	10.670000076293944	93.5	326.031	3.72	0
1287	2026-03-17	10.43000030517578	96.20999908447266	326.031	3.72	0
1288	2026-03-18	10.699999809265137	96.31999969482422	326.031	3.72	0
1289	2026-03-19	10.020000457763672	96.13999938964844	326.031	3.72	0
1290	2026-03-20	10.010000228881836	98.31999969482422	326.031	3.72	0
1291	2026-03-23	9.989999771118164	88.12999725341797	326.031	3.72	0
1292	2026-03-24	9.800000190734863	92.3499984741211	326.031	3.72	0
1293	2026-03-25	10.0	90.31999969482422	326.031	3.72	0
1294	2026-03-26	10.0	94.4800033569336	326.031	3.72	0
1295	2026-03-27	9.93000030517578	99.63999938964844	326.031	3.72	0
1296	2026-03-30	9.9399995803833	102.87999725341795	326.031	3.72	0
1297	2026-03-31	9.970000267028809	101.37999725341795	326.031	3.72	0
1298	2026-04-01	10.324999809265137	100.12000274658205	332.407	3.64	0
1299	2026-04-02	10.449999809265137	111.54000091552734	332.407	3.64	0
1300	2026-04-06	9.9399995803833	112.41000366210938	332.407	3.64	0
1301	2026-04-07	10.4399995803833	112.9499969482422	332.407	3.64	0
1302	2026-04-08	10.600000381469728	94.41000366210938	332.407	3.64	0
1303	2026-04-09	10.300000190734863	97.87000274658205	332.407	3.64	0
1304	2026-04-10	10.699999809265137	96.56999969482422	332.407	3.64	0
1305	2026-04-13	11.0600004196167	99.08000183105467	332.407	3.64	0
1306	2026-04-14	11.420000076293944	91.27999877929688	332.407	3.64	0
1307	2026-04-15	11.399999618530272	91.29000091552734	332.407	3.64	0
1308	2026-04-16	11.130000114440918	94.69000244140624	332.407	3.64	0
1309	2026-04-17	11.4399995803833	83.8499984741211	332.407	3.64	0
1310	2026-04-20	11.303999900817873	89.61000061035156	332.407	3.64	0
1311	2026-04-21	11.350000381469728	92.12999725341795	332.407	3.64	0
1312	2026-04-22	11.399999618530272	92.95999908447266	332.407	3.64	0
1313	2026-04-23	11.34000015258789	95.8499984741211	332.407	3.64	0
1314	2026-04-24	10.899999618530272	94.4000015258789	332.407	3.64	0
1315	2026-04-27	11.270000457763672	96.37000274658205	332.407	3.64	0
1316	2026-04-28	11.449999809265137	99.93000030517578	332.407	3.64	0
1317	2026-04-29	11.850000381469728	106.87999725341795	332.407	3.64	0
1318	2026-04-30	11.720000267028809	105.06999969482422	332.407	3.64	0
1319	2026-05-01	11.729999542236328	101.94000244140624	333.979	3.63	0
1320	2026-05-04	11.789999961853027	106.41999816894533	333.979	3.63	0
1321	2026-05-05	12.18000030517578	102.2699966430664	333.979	3.63	0
1322	2026-05-06	12.109999656677246	95.08000183105467	333.979	3.63	0
1323	2026-05-07	12.100000381469728	94.80999755859376	333.979	3.63	0
1324	2026-05-08	12.105999946594238	95.41999816894533	333.979	3.63	0
1325	2026-05-11	12.649999618530272	98.06999969482422	333.979	3.63	0
1326	2026-05-12	13.289999961853027	102.18000030517578	333.979	3.63	0
1327	2026-05-13	13.329999923706056	101.0199966430664	333.979	3.63	0
1328	2026-05-14	12.949999809265137	101.16999816894533	333.979	3.63	0
1329	2026-05-15	13.18000030517578	105.41999816894533	333.979	3.63	0
1330	2026-05-18	12.850000381469728	108.66000366210938	333.979	3.63	0
1331	2026-05-19	12.649999618530272	107.7699966430664	333.979	3.63	0
1332	2026-05-20	12.109999656677246	98.26000213623048	333.979	3.63	0
1333	2026-05-21	12.5	96.3499984741211	333.979	3.63	0
1334	2026-05-22	12.675000190734863	96.5999984741211	333.979	3.63	0
1335	2026-05-26	12.880000114440918	93.88999938964844	333.979	3.63	0
1336	2026-05-27	12.875	88.68000030517578	333.979	3.63	0
1337	2026-05-28	13.149999618530272	88.9000015258789	333.979	3.63	0
1338	2026-05-29	12.9399995803833	87.36000061035156	333.979	3.63	0
1339	2026-06-01	13.03499984741211	92.16000366210938	333.979	3.63	0
1340	2026-06-02	12.9399995803833	93.76000213623048	333.979	3.63	0
1341	2026-06-03	12.619999885559082	96.0199966430664	333.979	3.63	0
1342	2026-06-04	12.65999984741211	93.04000091552734	333.979	3.63	0
1343	2026-06-05	12.699999809265137	90.54000091552734	333.979	3.63	0
1344	2026-06-08	12.369999885559082	91.3000030517578	333.979	3.63	0
1345	2026-06-09	12.369999885559082	88.19999694824219	333.979	3.63	0
1346	2026-06-10	12.5	90.02999877929688	333.979	3.63	0
1347	2026-06-11	12.520000457763672	87.70999908447266	333.979	3.63	0
1348	2026-06-12	12.31999969482422	84.87999725341797	333.979	3.63	0
1349	2026-06-15	11.989999771118164	80.75	333.979	3.63	0
1350	2026-06-16	12.130000114440918	76.05000305175781	333.979	3.63	0
1351	2026-06-17	11.880000114440918	76.79000091552734	333.979	3.63	0
1352	2026-06-18	11.56999969482422	76.5999984741211	333.979	3.63	0
1353	2026-06-22	11.579999923706056	74.81999969482422	333.979	3.63	0
1354	2026-06-23	11.770000457763672	73.20999908447266	333.979	3.63	0
1355	2026-06-24	11.699999809265137	70.33999633789062	333.979	3.63	0
1356	2026-06-25	11.399999618530272	71.91999816894531	333.979	3.63	0
1357	2026-06-26	11.270000457763672	69.2300033569336	333.979	3.63	0
1358	2026-06-29	11.630000114440918	70.75	333.979	3.63	0
1359	2026-06-30	11.869999885559082	69.5	333.979	3.63	0
1360	2026-07-01	12.052000045776367	68.58000183105469	333.979	3.63	0
1361	2026-07-02	12.270000457763672	68.69000244140625	333.979	3.63	0
1362	2026-07-06	12.960000038146973	68.55000305175781	333.979	3.63	0
1363	2026-07-07	12.760000228881836	70.44000244140625	333.979	3.63	0
1364	2026-07-08	12.835000038146973	73.5199966430664	333.979	3.63	0
1365	2026-07-09	12.949999809265137	72.08000183105469	333.979	3.63	0
1366	2026-07-10	12.890000343322754	71.41000366210938	333.979	3.63	0
1367	2026-07-13	13.329999923706056	78.13999938964844	333.979	3.63	0
